name,address,phone_number,google_maps_url,place_id,coordinates,website,place_type,category,reviews_average,reviews_count,price_range,opens_at,full_hours,store_shopping,in_store_pickup,store_delivery,dine_in,takeaway,reservations,wheelchair_accessible,verified_business,introduction,services_offered,amenities,photos_count,popular_times,years_in_business,owner_info,search_keyword,scraped_at
KR Bakery & Restaurant Kacherippadi,"Kozhikode-Malappuram Bypass, Kacherippadi, Manjeri, Kerala 676121",090207 66786,"https://www.google.com/maps/place/KR+Bakery+%26+Restaurant+Kacherippadi/@11.1100922,76.0467979,13z/data=!4m11!1m3!2m2!1sbakery+manjeri!6e5!3m6!1s0x3ba63677bdf10c53:0xe8d8030e57bee7ba!8m2!3d11.1100922!4d76.1188957!15sCg5iYWtlcnkgbWFuamVyaVoQIg5iYWtlcnkgbWFuamVyaZIBCnJlc3RhdXJhbnSqAUMQASoKIgZiYWtlcnkoADIfEAEiG5qO2uB72-cDEs7dmBSW9MgV0ZZ8eqv41ipJhTISEAIiDmJha2VyeSBtYW5qZXJp4AEA!16s%2Fg%2F12cpf3rvq?entry=ttu&g_ep=EgoyMDI1MDgwNi4wIKXMDSoASAFQAw%3D%3D",bakery+manjeri,"11.1100922, 76.0467979",krbakes.com,Restaurant,Food_Businesses,3.6,1897.0,₹₹,Closes 11pm,⋅ Closes 11pm,No,No,Yes,Yes,No,No,Unknown,Unknown,"·

Dine-in
·

Drive-through
·

No-contact delivery
",drive-through; no-contact delivery; dine-in,,1.0,Not Available,,,bakery manjeri,2025-08-09 20:38:40
Yummy cakes at Manjeri,"VIP Rd, Malamkulam, Manjeri, Kerala 676122",099957 26960,"https://www.google.com/maps/place/Yummy+cakes+at+Manjeri/@11.1100922,76.0467979,13z/data=!4m11!1m3!2m2!1sbakery+manjeri!6e5!3m6!1s0x3ba63784e0188e15:0x6b442831141ffea6!8m2!3d11.1260588!4d76.1315068!15sCg5iYWtlcnkgbWFuamVyaVoQIg5iYWtlcnkgbWFuamVyaZIBCWNha2Vfc2hvcKoBQxABKgoiBmJha2VyeSgAMh8QASIbmo7a4Hvb5wMSzt2YFJb0yBXRlnx6q_jWKkmFMhIQAiIOYmFrZXJ5IG1hbmplcmngAQA!16s%2Fg%2F11q37hgwtt?entry=ttu&g_ep=EgoyMDI1MDgwNi4wIKXMDSoASAFQAw%3D%3D",bakery+manjeri,"11.1100922, 76.0467979",instagram.com,Cake shop,Food_Businesses,4.9,171.0,₹₹,Closes 10pm,⋅ Closes 10pm,No,Yes,Yes,No,Yes,No,Unknown,Unknown,"·

Takeaway
·

No-contact delivery
",takeaway; no-contact delivery,,1.0,Not Available,,,bakery manjeri,2025-08-09 20:38:45
HILTON CAKE AND CAFE,"Union Bank Of India, 325/ Falcon Plaza, Manjeri Opposit, Pandikkad Road, Manjeri, Kerala 676122",090376 04587,"https://www.google.com/maps/place/HILTON+CAKE+AND+CAFE/@11.1100922,76.0467979,13z/data=!4m11!1m3!2m2!1sbakery+manjeri!6e5!3m6!1s0x3ba6372f1c4a95a3:0xd1de3577f290bb31!8m2!3d11.1215555!4d76.1250501!15sCg5iYWtlcnkgbWFuamVyaVoQIg5iYWtlcnkgbWFuamVyaZIBBmJha2VyeaoBQxABKgoiBmJha2VyeSgAMh8QASIbmo7a4Hvb5wMSzt2YFJb0yBXRlnx6q_jWKkmFMhIQAiIOYmFrZXJ5IG1hbmplcmngAQA!16s%2Fg%2F11s5d0nf_6?entry=ttu&g_ep=EgoyMDI1MDgwNi4wIKXMDSoASAFQAw%3D%3D",bakery+manjeri,"11.1100922, 76.0467979",,Bakery and Cake Shop,Food_Businesses,3.9,169.0,₹₹,Closes 11:30pm,⋅ Closes 11:30pm,No,Yes,Yes,Yes,Yes,No,Unknown,Unknown,"·

Dine-in
·

Takeaway
·

No-contact delivery
",takeaway; no-contact delivery; dine-in,,1.0,Not Available,,,bakery manjeri,2025-08-09 20:38:50
K.R. Bakery & Restaurant manjeri Thurakkal,"KR Bakery junction, Thurakkal, Manjeri, Kerala 676121",090203 04578,"https://www.google.com/maps/place/K.R.+Bakery+%26+Restaurant+manjeri+Thurakkal/@11.1100922,76.0467979,13z/data=!4m11!1m3!2m2!1sbakery+manjeri!6e5!3m6!1s0x3ba6371b65310281:0x7ab34f8a6a92ac3f!8m2!3d11.1202747!4d76.1082296!15sCg5iYWtlcnkgbWFuamVyaVoQIg5iYWtlcnkgbWFuamVyaZIBCnJlc3RhdXJhbnSqAUMQASoKIgZiYWtlcnkoADIfEAEiG5qO2uB72-cDEs7dmBSW9MgV0ZZ8eqv41ipJhTISEAIiDmJha2VyeSBtYW5qZXJp4AEA!16s%2Fg%2F11h0g_jsyc?entry=ttu&g_ep=EgoyMDI1MDgwNi4wIKXMDSoASAFQAw%3D%3D",bakery+manjeri,"11.1100922, 76.0467979",krbakes.com,Restaurant,Food_Businesses,3.7,1185.0,₹₹,Closes 10:30pm,⋅ Closes 10:30pm,No,No,Yes,Yes,No,No,Unknown,Unknown,"·

Dine-in
·

Drive-through
·

No-contact delivery
",drive-through; no-contact delivery; dine-in,,1.0,Not Available,,,bakery manjeri,2025-08-09 20:38:55
The Oven Bakes,"VIP Rd, Malamkulam, Manjeri, Kerala 676122",Local Guide · 68 reviews · 604 photos,"https://www.google.com/maps/place/The+Oven+Bakes/@11.1100922,76.0467979,13z/data=!4m11!1m3!2m2!1sbakery+manjeri!6e5!3m6!1s0x3ba636624251ee4b:0xb1af853b7d1781d0!8m2!3d11.1237383!4d76.1303435!15sCg5iYWtlcnkgbWFuamVyaVoQIg5iYWtlcnkgbWFuamVyaZIBBmJha2VyeaoBQxABKgoiBmJha2VyeSgAMh8QASIbmo7a4Hvb5wMSzt2YFJb0yBXRlnx6q_jWKkmFMhIQAiIOYmFrZXJ5IG1hbmplcmngAQA!16s%2Fg%2F11cmxxb4kd?entry=ttu&g_ep=EgoyMDI1MDgwNi4wIKXMDSoASAFQAw%3D%3D",bakery+manjeri,"11.1100922, 76.0467979",Claim this business,Bakery and Cake Shop,Food_Businesses,3.8,345.0,₹₹,Closes 11pm,⋅ Closes 11pm,No,Yes,Yes,Yes,Yes,No,Unknown,Unknown,"·

Dine-in
·

Takeaway
·

No-contact delivery
",takeaway; no-contact delivery; dine-in,,1.0,Not Available,,,bakery manjeri,2025-08-09 20:39:00
Nila Bake House,"4479+CXV, Vellarangal, Manjeri, Kerala 676121",098954 46449,"https://www.google.com/maps/place/Nila+Bake+House/@11.1100922,76.0467979,13z/data=!4m11!1m3!2m2!1sbakery+manjeri!6e5!3m6!1s0x3ba636774e4f144f:0x27343d4571277c7b!8m2!3d11.1136286!4d76.1198607!15sCg5iYWtlcnkgbWFuamVyaVoQIg5iYWtlcnkgbWFuamVyaZIBBmJha2VyeaoBQxABKgoiBmJha2VyeSgAMh8QASIbmo7a4Hvb5wMSzt2YFJb0yBXRlnx6q_jWKkmFMhIQAiIOYmFrZXJ5IG1hbmplcmngAQA!16s%2Fg%2F124ygpsxb?entry=ttu&g_ep=EgoyMDI1MDgwNi4wIKXMDSoASAFQAw%3D%3D",bakery+manjeri,"11.1100922, 76.0467979",,Bakery and Cake Shop,Food_Businesses,3.7,42.0,₹₹,Closes 10pm,⋅ Closes 10pm,No,Yes,Yes,No,Yes,No,Unknown,Unknown,"·

Takeaway
·

Delivery
",delivery; takeaway,,1.0,Not Available,,,bakery manjeri,2025-08-09 20:39:05
Brisk Bakery,"449F+W2F, Vellarangal, Manjeri, Kerala 676123",,"https://www.google.com/maps/place/Brisk+Bakery/@11.1100922,76.0467979,13z/data=!4m11!1m3!2m2!1sbakery+manjeri!6e5!3m6!1s0x3ba6366532605cbf:0xb328ac6911a5741f!8m2!3d11.1198206!4d76.1225376!15sCg5iYWtlcnkgbWFuamVyaVoQIg5iYWtlcnkgbWFuamVyaZIBBmJha2VyeaoBQxABKgoiBmJha2VyeSgAMh8QASIbmo7a4Hvb5wMSzt2YFJb0yBXRlnx6q_jWKkmFMhIQAiIOYmFrZXJ5IG1hbmplcmngAQA!16s%2Fg%2F11c4_rys3x?entry=ttu&g_ep=EgoyMDI1MDgwNi4wIKXMDSoASAFQAw%3D%3D",bakery+manjeri,"11.1100922, 76.0467979",Claim this business,Bakery and Cake Shop,Food_Businesses,4.2,10.0,₹₹,Closes 10pm,⋅ Closes 10pm,No,Yes,Yes,No,Yes,No,Unknown,Unknown,"·

Takeaway
·

Delivery
",delivery; takeaway,,1.0,Not Available,,,bakery manjeri,2025-08-09 20:39:10
Cake Studio | Manjeri,"Indira Gandhi Memorial Bus Terminal, Kozhikode-Malappuram Bypass, Kacherippadi, IGBT, Manjeri, Kerala 676121",089439 81313,"https://www.google.com/maps/place/Cake+Studio+%7C+Manjeri/@11.1100922,76.0467979,13z/data=!4m11!1m3!2m2!1sbakery+manjeri!6e5!3m6!1s0x3ba637a6434da327:0xc1bc79779aa0c49a!8m2!3d11.1099375!4d76.1201875!15sCg5iYWtlcnkgbWFuamVyaVoQIg5iYWtlcnkgbWFuamVyaZIBCWNha2Vfc2hvcJoBI0NoWkRTVWhOTUc5blMwVkpRMEZuU1VOd2RYVlFaa3QzRUFFqgFDEAEqCiIGYmFrZXJ5KAAyHxABIhuajtrge9vnAxLO3ZgUlvTIFdGWfHqr-NYqSYUyEhACIg5iYWtlcnkgbWFuamVyaeABAPoBBAgAEBw!16s%2Fg%2F11rq93s2d2?entry=ttu&g_ep=EgoyMDI1MDgwNi4wIKXMDSoASAFQAw%3D%3D",bakery+manjeri,"11.1100922, 76.0467979",cakestudio.online,Cake shop,Food_Businesses,3.9,93.0,₹₹,9:30pm,⋅ 9:30pm ⋅ Opens 9:30am Sun,No,No,Yes,Yes,No,No,Unknown,Unknown,"·

Dine-in
·

Drive-through
·

No-contact delivery
",drive-through; no-contact delivery; dine-in,,1.0,Not Available,,,bakery manjeri,2025-08-09 20:39:15
KR Bakery Pandikad Road Manjeri,"Pandikkad Road, opposite New Bus Stand, Kuthukal, Manjeri, Kerala 676123",094470 04578,"https://www.google.com/maps/place/KR+Bakery+Pandikad+Road+Manjeri/@11.1100922,76.0467979,13z/data=!4m11!1m3!2m2!1sbakery+manjeri!6e5!3m6!1s0x3ba636652603e0e3:0x89c84e701ef46b24!8m2!3d11.1204623!4d76.1230261!15sCg5iYWtlcnkgbWFuamVyaVoQIg5iYWtlcnkgbWFuamVyaZIBCnJlc3RhdXJhbnSqAUMQASoKIgZiYWtlcnkoADIfEAEiG5qO2uB72-cDEs7dmBSW9MgV0ZZ8eqv41ipJhTISEAIiDmJha2VyeSBtYW5qZXJp4AEA!16s%2Fg%2F1hjgxbjn_?entry=ttu&g_ep=EgoyMDI1MDgwNi4wIKXMDSoASAFQAw%3D%3D",bakery+manjeri,"11.1100922, 76.0467979",krbakes.com,Restaurant,Food_Businesses,3.6,410.0,₹₹,Closes 10:30pm,⋅ Closes 10:30pm,No,Yes,Yes,Yes,Yes,No,Unknown,Unknown,"·

Dine-in
·

Takeaway
·

No-contact delivery
",takeaway; no-contact delivery; dine-in,,1.0,Not Available,,,bakery manjeri,2025-08-09 20:39:21
"KR Bakery & Restaurant Cherani,manjeri","Mysuru - Ooty Road, opp. Samas Electricals & Plumbing, Kozhikkattu Kunnu, Manjeri, Kerala 676123",097450 04578,"https://www.google.com/maps/place/KR+Bakery+%26+Restaurant+Cherani,manjeri/@11.1100922,76.0467979,13z/data=!4m11!1m3!2m2!1sbakery+manjeri!6e5!3m6!1s0x3ba6379650934447:0xb7173f039f7bf536!8m2!3d11.1349019!4d76.1142654!15sCg5iYWtlcnkgbWFuamVyaVoQIg5iYWtlcnkgbWFuamVyaZIBCnJlc3RhdXJhbnSqAUMQASoKIgZiYWtlcnkoADIfEAEiG5qO2uB72-cDEs7dmBSW9MgV0ZZ8eqv41ipJhTISEAIiDmJha2VyeSBtYW5qZXJp4AEA!16s%2Fg%2F11sqq7nkm4?entry=ttu&g_ep=EgoyMDI1MDgwNi4wIKXMDSoASAFQAw%3D%3D",bakery+manjeri,"11.1100922, 76.0467979",blackkingdom.in,Restaurant,Food_Businesses,3.5,180.0,₹₹,Closes 11pm,⋅ Closes 11pm,No,Yes,Yes,Yes,Yes,No,Unknown,Unknown,"·

Dine-in
·

Takeaway
·

No-contact delivery
",takeaway; no-contact delivery; dine-in,,1.0,Not Available,,,bakery manjeri,2025-08-09 20:39:26
Cafe Al Bacio,"Kozhikode-Malappuram Bypass, Thurakkal, Manjeri, Kerala 676121",075107 68000,"https://www.google.com/maps/place/Cafe+Al+Bacio/@11.1100922,76.0467979,13z/data=!4m11!1m3!2m2!1sbakery+manjeri!6e5!3m6!1s0x3ba637b5a990b4db:0xa402c68b87b2c41d!8m2!3d11.1202907!4d76.1103994!15sCg5iYWtlcnkgbWFuamVyaVoQIg5iYWtlcnkgbWFuamVyaZIBCWNha2Vfc2hvcJoBRENpOURRVWxSUVVOdlpFTm9kSGxqUmpsdlQydDBRMDFFWkhoU2JrcHFZVlJHTVZVeE9VdFZla1ozVjJ0NFMwMXNSUkFCqgFDEAEqCiIGYmFrZXJ5KAAyHxABIhuajtrge9vnAxLO3ZgUlvTIFdGWfHqr-NYqSYUyEhACIg5iYWtlcnkgbWFuamVyaeABAPoBBAgAEB4!16s%2Fg%2F11fj0jtkvk?entry=ttu&g_ep=EgoyMDI1MDgwNi4wIKXMDSoASAFQAw%3D%3D",bakery+manjeri,"11.1100922, 76.0467979",cafealbacio.com,Cake shop,Food_Businesses,4.5,100.0,₹₹,9:30pm,⋅ 9:30pm ⋅ Opens 10am Sun,No,Yes,Yes,Yes,Yes,No,Unknown,Unknown,"·

Dine-in
·

Takeaway
·

No-contact delivery
",takeaway; no-contact delivery; dine-in,,1.0,Not Available,,,bakery manjeri,2025-08-09 20:39:31
OGES Bakery,"4499+RXJ, Old Bus Stand Rd, Vellarangal, Manjeri, Kerala 676121",,"https://www.google.com/maps/place/OGES+Bakery/@11.1100922,76.0467979,13z/data=!4m11!1m3!2m2!1sbakery+manjeri!6e5!3m6!1s0x3ba6366ffd90eb81:0x712c79b34cc884d8!8m2!3d11.1195859!4d76.1199056!15sCg5iYWtlcnkgbWFuamVyaVoQIg5iYWtlcnkgbWFuamVyaZIBBmJha2VyeaoBQxABKgoiBmJha2VyeSgAMh8QASIbmo7a4Hvb5wMSzt2YFJb0yBXRlnx6q_jWKkmFMhIQAiIOYmFrZXJ5IG1hbmplcmngAQA!16s%2Fg%2F11cn2mwgq0?entry=ttu&g_ep=EgoyMDI1MDgwNi4wIKXMDSoASAFQAw%3D%3D",bakery+manjeri,"11.1100922, 76.0467979",Claim this business,Bakery and Cake Shop,Food_Businesses,3.2,29.0,₹₹,Closes 10pm,⋅ Closes 10pm,No,Yes,No,No,Yes,No,Unknown,Unknown,"·

Takeaway
",takeaway,,1.0,Not Available,,,bakery manjeri,2025-08-09 20:39:36
Cake zone live cake,"Manjeri-Kuttippara – Cherukode-Wandoor Road, Manjeri, Kerala 676122",090379 99119,"https://www.google.com/maps/place/Cake+zone+live+cake/@11.1221992,76.1040643,13z/data=!4m11!1m3!2m2!1sbakery+manjeri!6e5!3m6!1s0x3ba637edbcc28c81:0xd36b1c9a36577410!8m2!3d11.1221992!4d76.1761621!15sCg5iYWtlcnkgbWFuamVyaVoQIg5iYWtlcnkgbWFuamVyaZIBCWNha2Vfc2hvcKoBQxABKgoiBmJha2VyeSgAMh8QASIbmo7a4Hvb5wMSzt2YFJb0yBXRlnx6q_jWKkmFMhIQAiIOYmFrZXJ5IG1hbmplcmngAQA!16s%2Fg%2F11qgqdbd50?entry=ttu&g_ep=EgoyMDI1MDgwNi4wIKXMDSoASAFQAw%3D%3D",bakery+manjeri,"11.1221992, 76.1040643",,Cake shop,Food_Businesses,5.0,76.0,₹₹,Closes 10pm,⋅ Closes 10pm,No,Yes,Yes,No,Yes,No,Unknown,Unknown,"·

Takeaway
·

Delivery
",delivery; takeaway,,1.0,Not Available,,,bakery manjeri,2025-08-09 20:39:41
Sulthan bakes,"44J6+J2M, Areekode - Manjeri Rd, South Puthalam, Manjeri, Kerala 676123",094964 05909,"https://www.google.com/maps/place/Sulthan+bakes/@11.1315827,76.0379524,13z/data=!4m11!1m3!2m2!1sbakery+manjeri!6e5!3m6!1s0x3ba6377948f99353:0x59828dc6a81067da!8m2!3d11.1315827!4d76.1100502!15sCg5iYWtlcnkgbWFuamVyaVoQIg5iYWtlcnkgbWFuamVyaZIBBmJha2VyeaoBQxABKgoiBmJha2VyeSgAMh8QASIbmo7a4Hvb5wMSzt2YFJb0yBXRlnx6q_jWKkmFMhIQAiIOYmFrZXJ5IG1hbmplcmngAQA!16s%2Fg%2F11p4c0dncx?entry=ttu&g_ep=EgoyMDI1MDgwNi4wIKXMDSoASAFQAw%3D%3D",bakery+manjeri,"11.1315827, 76.0379524",Claim this business,Bakery and Cake Shop,Food_Businesses,3.9,46.0,₹₹,Closes 10pm,⋅ Closes 10pm,No,No,Yes,Yes,No,No,Unknown,Unknown,"·

Dine-in
·

Drive-through
·

No-contact delivery
",drive-through; no-contact delivery; dine-in,,,Not Available,,,bakery manjeri,2025-08-09 20:39:46
Olene Canto Bakes (IGBT - Manjeri),"near, IGBT Bus Stand Rd, Kacherippadi, Manjeri, Kerala 676121",0483 297 0668,"https://www.google.com/maps/place/Olene+Canto+Bakes+(IGBT+-+Manjeri)/@11.1315827,76.0379524,13z/data=!4m11!1m3!2m2!1sbakery+manjeri!6e5!3m6!1s0x3ba63783577e31e1:0xa4ac2e540da0364a!8m2!3d11.1100793!4d76.119491!15sCg5iYWtlcnkgbWFuamVyaVoQIg5iYWtlcnkgbWFuamVyaZIBCnJlc3RhdXJhbnSqAUMQASoKIgZiYWtlcnkoADIfEAEiG5qO2uB72-cDEs7dmBSW9MgV0ZZ8eqv41ipJhTISEAIiDmJha2VyeSBtYW5qZXJp4AEA!16s%2Fg%2F11f5q09y0m?entry=ttu&g_ep=EgoyMDI1MDgwNi4wIKXMDSoASAFQAw%3D%3D",bakery+manjeri,"11.1315827, 76.0379524",olenecanto.com,Restaurant,Food_Businesses,3.8,440.0,₹₹,9pm,⋅ 9pm ⋅ Opens 9am Sun,No,Yes,Yes,Yes,Yes,No,Unknown,Unknown,"·

Dine-in
·

Takeaway
·

No-contact delivery
",takeaway; no-contact delivery; dine-in,,1.0,Not Available,,,bakery manjeri,2025-08-09 20:39:51
Brown Beans Cafe,"IGBT BYPASS, Thurakkal, Manjeri, Kerala 676121",091882 22233,"https://www.google.com/maps/place/Brown+Beans+Cafe/@11.1315827,76.0379524,13z/data=!4m11!1m3!2m2!1sbakery+manjeri!6e5!3m6!1s0x3ba6366d7f77607d:0x2c665566164c17e4!8m2!3d11.1194333!4d76.1116931!15sCg5iYWtlcnkgbWFuamVyaVoQIg5iYWtlcnkgbWFuamVyaZIBC2NvZmZlZV9zaG9wqgFDEAEqCiIGYmFrZXJ5KAAyHxABIhuajtrge9vnAxLO3ZgUlvTIFdGWfHqr-NYqSYUyEhACIg5iYWtlcnkgbWFuamVyaeABAA!16s%2Fg%2F11fy85w416?entry=ttu&g_ep=EgoyMDI1MDgwNi4wIKXMDSoASAFQAw%3D%3D",bakery+manjeri,"11.1315827, 76.0379524",brownbeans.in,Coffee shop,Food_Businesses,4.3,1047.0,₹₹,Closes 11pm,⋅ Closes 11pm,No,No,Yes,Yes,No,No,Unknown,Unknown,"·

Dine-in
·

Drive-through
·

No-contact delivery
",drive-through; no-contact delivery; dine-in,,1.0,Not Available,,,bakery manjeri,2025-08-09 20:39:56
Sign Laban,"Rajiv Gandhi Bypass, Karuvambram, Manjeri, Kerala 676121",,"https://www.google.com/maps/place/Sign+Laban/@11.1315827,76.0379524,13z/data=!4m11!1m3!2m2!1sbakery+manjeri!6e5!3m6!1s0x3ba637007e78d7c7:0xf8d8262e6ce699fc!8m2!3d11.1234264!4d76.1144198!15sCg5iYWtlcnkgbWFuamVyaVoQIg5iYWtlcnkgbWFuamVyaZIBBmJha2VyeaoBQxABKgoiBmJha2VyeSgAMh8QASIbmo7a4Hvb5wMSzt2YFJb0yBXRlnx6q_jWKkmFMhIQAiIOYmFrZXJ5IG1hbmplcmngAQA!16s%2Fg%2F11x5r1l1sk?entry=ttu&g_ep=EgoyMDI1MDgwNi4wIKXMDSoASAFQAw%3D%3D",bakery+manjeri,"11.1315827, 76.0379524",,Bakery and Cake Shop,Food_Businesses,4.3,44.0,₹₹,Closes 1am,⋅ Closes 1am,No,Yes,Yes,Yes,Yes,No,Unknown,Unknown,"·

Dine-in
·

Takeaway
·

No-contact delivery
",takeaway; no-contact delivery; dine-in,,1.0,Not Available,,,bakery manjeri,2025-08-09 20:40:01
Sugary treats,"Panayi, Soudippadi, Manjeri, Kerala 676509",089430 78605,"https://www.google.com/maps/place/Sugary+treats/@11.1315827,76.0379524,13z/data=!4m11!1m3!2m2!1sbakery+manjeri!6e5!3m6!1s0x3ba6356fce626a37:0x65582d425821bf34!8m2!3d11.0830133!4d76.1075955!15sCg5iYWtlcnkgbWFuamVyaVoQIg5iYWtlcnkgbWFuamVyaZIBCWNha2Vfc2hvcKoBQxABKgoiBmJha2VyeSgAMh8QASIbmo7a4Hvb5wMSzt2YFJb0yBXRlnx6q_jWKkmFMhIQAiIOYmFrZXJ5IG1hbmplcmngAQA!16s%2Fg%2F11mb5x8cy8?entry=ttu&g_ep=EgoyMDI1MDgwNi4wIKXMDSoASAFQAw%3D%3D",bakery+manjeri,"11.1315827, 76.0379524",,Cake shop,Food_Businesses,5.0,58.0,₹₹,Open 24 hours,Open 24 hours,No,Yes,Yes,No,Yes,No,Unknown,Unknown,"·

Takeaway
·

Delivery
",delivery; takeaway,,1.0,Not Available,,,bakery manjeri,2025-08-09 20:40:06
sweets land wholesale & retail bakery in manjeri,"kavalangad, Manjeri, Kerala 676122",,"https://www.google.com/maps/place/sweets+land+wholesale+%26+retail+bakery+in+manjeri/@11.1315827,76.0379524,13z/data=!4m11!1m3!2m2!1sbakery+manjeri!6e5!3m6!1s0x3ba637382f1d8667:0xac45ee7c627388d9!8m2!3d11.1136509!4d76.1360003!15sCg5iYWtlcnkgbWFuamVyaVoQIg5iYWtlcnkgbWFuamVyaZIBBmJha2VyeaoBQxABKgoiBmJha2VyeSgAMh8QASIbmo7a4Hvb5wMSzt2YFJb0yBXRlnx6q_jWKkmFMhIQAiIOYmFrZXJ5IG1hbmplcmngAQA!16s%2Fg%2F11yfcz0k3z?entry=ttu&g_ep=EgoyMDI1MDgwNi4wIKXMDSoASAFQAw%3D%3D",bakery+manjeri,"11.1315827, 76.0379524",,Bakery and Cake Shop,Food_Businesses,3.5,2.0,₹₹,Closes 10pm,Open ⋅ Closes 10pm,No,No,Yes,Yes,No,No,Unknown,Unknown,"·

Dine-in
·

Drive-through
·

No-contact delivery
",drive-through; no-contact delivery; dine-in,,1.0,Not Available,,,bakery manjeri,2025-08-09 20:40:12
SAFA BAKERY,"Parakkal Building, 11/83, Manjeri To Elankur, Koomankulam, Road, Manjeri, Kerala 676123",096565 38805,"https://www.google.com/maps/place/SAFA+BAKERY/@11.1315827,76.0379524,13z/data=!4m11!1m3!2m2!1sbakery+manjeri!6e5!3m6!1s0x3ba637ee65b9300f:0xe971c28ad969f6c8!8m2!3d11.1421375!4d76.1347278!15sCg5iYWtlcnkgbWFuamVyaVoQIg5iYWtlcnkgbWFuamVyaZIBBmJha2VyeaoBQxABKgoiBmJha2VyeSgAMh8QASIbmo7a4Hvb5wMSzt2YFJb0yBXRlnx6q_jWKkmFMhIQAiIOYmFrZXJ5IG1hbmplcmngAQA!16s%2Fg%2F11v0p7p145?entry=ttu&g_ep=EgoyMDI1MDgwNi4wIKXMDSoASAFQAw%3D%3D",bakery+manjeri,"11.1315827, 76.0379524",,Bakery and Cake Shop,Food_Businesses,4.3,25.0,₹₹,,,No,Yes,No,No,Yes,No,Unknown,Unknown,"·

Takeaway
",takeaway,,,Not Available,,,bakery manjeri,2025-08-09 20:40:17
Golden Bakery & Halwa Stall,"city tower, Kuthukal, Manjeri, Kerala 676123",097463 10555,"https://www.google.com/maps/place/Golden+Bakery+%26+Halwa+Stall/@11.1315827,76.0379524,13z/data=!4m11!1m3!2m2!1sbakery+manjeri!6e5!3m6!1s0x3ba636655b065b47:0x6af061667c06e1ed!8m2!3d11.1204646!4d76.1209571!15sCg5iYWtlcnkgbWFuamVyaVoQIg5iYWtlcnkgbWFuamVyaZIBEHdob2xlc2FsZV9iYWtlcnmaASNDaFpEU1VoTk1HOW5TMFZKUTBGblRVUkphVXh1TVdKbkVBRaoBQxABKgoiBmJha2VyeSgAMh8QASIbmo7a4Hvb5wMSzt2YFJb0yBXRlnx6q_jWKkmFMhIQAiIOYmFrZXJ5IG1hbmplcmngAQD6AQQIABAf!16s%2Fg%2F11g72cb_38?entry=ttu&g_ep=EgoyMDI1MDgwNi4wIKXMDSoASAFQAw%3D%3D",bakery+manjeri,"11.1315827, 76.0379524",,Wholesale bakery,Food_Businesses,4.7,3.0,₹₹,Closes 10pm,⋅ Closes 10pm,No,No,No,No,No,No,Unknown,Unknown,None Found,,,1.0,Not Available,,,bakery manjeri,2025-08-09 20:40:22
KR Bakery Malappuram Road Manjeri,"opposite Old Bus Stand, Karuvambram, Manjeri, Kerala 676121",090207 60336,"https://www.google.com/maps/place/KR+Bakery+Malappuram+Road+Manjeri/@11.1315827,76.0379524,13z/data=!4m11!1m3!2m2!1sbakery+manjeri!6e5!3m6!1s0x3ba6372714d0d369:0x5798fa25ed7d4195!8m2!3d11.1194486!4d76.1196632!15sCg5iYWtlcnkgbWFuamVyaVoQIg5iYWtlcnkgbWFuamVyaZIBCnJlc3RhdXJhbnSqAUMQASoKIgZiYWtlcnkoADIfEAEiG5qO2uB72-cDEs7dmBSW9MgV0ZZ8eqv41ipJhTISEAIiDmJha2VyeSBtYW5qZXJp4AEA!16s%2Fg%2F11wj48_xc6?entry=ttu&g_ep=EgoyMDI1MDgwNi4wIKXMDSoASAFQAw%3D%3D",bakery+manjeri,"11.1315827, 76.0379524",,Restaurant,Food_Businesses,2.9,9.0,₹₹,Closes 10pm,⋅ Closes 10pm,No,No,Yes,Yes,No,No,Unknown,Unknown,"·

Dine-in
·

Drive-through
·

No-contact delivery
",drive-through; no-contact delivery; dine-in,,1.0,Not Available,,,bakery manjeri,2025-08-09 20:40:27
Bake 'n' Taste,"Tirur - Malappuram - Manjeri Rd, Mullampara Town, Manjeri, Kerala 676121",082818 89825,"https://www.google.com/maps/place/Bake+'n'+Taste/@11.1315827,76.0379524,13z/data=!4m11!1m3!2m2!1sbakery+manjeri!6e5!3m6!1s0x3ba635df10e1ac01:0x3d005fabea6997f3!8m2!3d11.1062849!4d76.1128094!15sCg5iYWtlcnkgbWFuamVyaVoQIg5iYWtlcnkgbWFuamVyaZIBFmZvb2RfcHJvZHVjdHNfc3VwcGxpZXKqAUMQASoKIgZiYWtlcnkoADIfEAEiG5qO2uB72-cDEs7dmBSW9MgV0ZZ8eqv41ipJhTISEAIiDmJha2VyeSBtYW5qZXJp4AEA!16s%2Fg%2F11df0py9j7?entry=ttu&g_ep=EgoyMDI1MDgwNi4wIKXMDSoASAFQAw%3D%3D",bakery+manjeri,"11.1315827, 76.0379524",,Food products supplier,Food_Businesses,4.1,148.0,₹₹,Opens 9:30am Mon,⋅ Opens 9:30am Mon,No,No,No,No,No,No,Unknown,Unknown,None Found,,,1.0,Not Available,,,bakery manjeri,2025-08-09 20:40:32
Jaza bakery's,"Mangalasseri, Bus Stop, Manjeri, Kerala 676123",099470 80408,"https://www.google.com/maps/place/Jaza+bakery's/@11.1315827,76.0379524,13z/data=!4m11!1m3!2m2!1sbakery+manjeri!6e5!3m6!1s0x3ba63729f41808cf:0xab3a7e1e1ac3ced!8m2!3d11.1329955!4d76.1247152!15sCg5iYWtlcnkgbWFuamVyaVoQIg5iYWtlcnkgbWFuamVyaZIBBmJha2VyeaoBQxABKgoiBmJha2VyeSgAMh8QASIbmo7a4Hvb5wMSzt2YFJb0yBXRlnx6q_jWKkmFMhIQAiIOYmFrZXJ5IG1hbmplcmngAQA!16s%2Fg%2F11nxsk4j8v?entry=ttu&g_ep=EgoyMDI1MDgwNi4wIKXMDSoASAFQAw%3D%3D",bakery+manjeri,"11.1315827, 76.0379524",Claim this business,Bakery and Cake Shop,Food_Businesses,4.6,8.0,₹₹,Closes 10pm,⋅ Closes 10pm,No,Yes,Yes,No,Yes,No,Unknown,Unknown,"·

Takeaway
·

Delivery
",delivery; takeaway,,1.0,Not Available,,,bakery manjeri,2025-08-09 20:40:37
"KR Bakery & Restaurant Muttipalam ,Manjeri","Malappuram - Manjeri Rd, Muttipalam Upper, Manjeri, Malappuram, Kerala 676121",,"https://www.google.com/maps/place/KR+Bakery+%26+Restaurant+Muttipalam+,Manjeri/@11.1315827,76.0379524,13z/data=!4m11!1m3!2m2!1sbakery+manjeri!6e5!3m6!1s0x3ba63581caa274ed:0x6e880812d72f8f77!8m2!3d11.096652!4d76.1196728!15sCg5iYWtlcnkgbWFuamVyaVoQIg5iYWtlcnkgbWFuamVyaZIBCnJlc3RhdXJhbnSqAUMQASoKIgZiYWtlcnkoADIfEAEiG5qO2uB72-cDEs7dmBSW9MgV0ZZ8eqv41ipJhTISEAIiDmJha2VyeSBtYW5qZXJp4AEA!16s%2Fg%2F11xf609qgq?entry=ttu&g_ep=EgoyMDI1MDgwNi4wIKXMDSoASAFQAw%3D%3D",bakery+manjeri,"11.1315827, 76.0379524",,Restaurant,Food_Businesses,3.5,6.0,₹₹,Closes 11pm,⋅ Closes 11pm,No,No,Yes,Yes,No,No,Unknown,Unknown,"·

Dine-in
·

Drive-through
·

No-contact delivery
",drive-through; no-contact delivery; dine-in,,1.0,Not Available,,,bakery manjeri,2025-08-09 20:40:42
K6 Bakery,"34W9+MR5, Muttipalam Upper, Manjeri, Kerala 676121",,"https://www.google.com/maps/place/K6+Bakery/@11.1315827,76.0379524,13z/data=!4m11!1m3!2m2!1sbakery+manjeri!6e5!3m6!1s0x3ba63500342d8711:0xa21c05efdcccd49a!8m2!3d11.0966469!4d76.1196144!15sCg5iYWtlcnkgbWFuamVyaVoQIg5iYWtlcnkgbWFuamVyaZIBBmJha2VyeZoBJENoZERTVWhOTUc5blMwVk5ObWhvU1ZkdGJYUm1NR3gzUlJBQqoBQxABKgoiBmJha2VyeSgAMh8QASIbmo7a4Hvb5wMSzt2YFJb0yBXRlnx6q_jWKkmFMhIQAiIOYmFrZXJ5IG1hbmplcmngAQD6AQQIABAO!16s%2Fg%2F11xdt8nhm5?entry=ttu&g_ep=EgoyMDI1MDgwNi4wIKXMDSoASAFQAw%3D%3D",bakery+manjeri,"11.1315827, 76.0379524",Claim this business,Bakery and Cake Shop,Food_Businesses,2.1,10.0,₹₹,Closes 10:30pm,⋅ Closes 10:30pm,No,No,No,No,No,No,Unknown,Unknown,None Found,,,6.0,Not Available,,,bakery manjeri,2025-08-09 20:40:47
Jaseela Bakery Coffee And Cool Bar,"44J7+9FP, Melakkam, Malappuram, Manjeri, Kerala 676505",,"https://www.google.com/maps/place/Jaseela+Bakery+Coffee+And+Cool+Bar/@11.1315827,76.0379524,13z/data=!4m11!1m3!2m2!1sbakery+manjeri!6e5!3m6!1s0x3ba6364010bcbc11:0xedab4f71998c5828!8m2!3d11.1309619!4d76.1137149!15sCg5iYWtlcnkgbWFuamVyaVoQIg5iYWtlcnkgbWFuamVyaZIBBmJha2VyeaoBQxABKgoiBmJha2VyeSgAMh8QASIbmo7a4Hvb5wMSzt2YFJb0yBXRlnx6q_jWKkmFMhIQAiIOYmFrZXJ5IG1hbmplcmngAQA!16s%2Fg%2F11c506wmw2?entry=ttu&g_ep=EgoyMDI1MDgwNi4wIKXMDSoASAFQAw%3D%3D",bakery+manjeri,"11.1315827, 76.0379524",Claim this business,Bakery and Cake Shop,Food_Businesses,4.1,18.0,₹₹,Closes 10:30pm,⋅ Closes 10:30pm,No,Yes,No,No,Yes,No,Unknown,Unknown,"·

Takeaway
",takeaway,,1.0,Not Available,,,bakery manjeri,2025-08-09 20:40:52
Fasna Bakery,"43CW+6JW, Patterkulam, Manjeri, Kerala 676122",,"https://www.google.com/maps/place/Fasna+Bakery/@11.1315827,76.0379524,13z/data=!4m11!1m3!2m2!1sbakery+manjeri!6e5!3m6!1s0x3ba63716b8be5769:0xdfa04c0d3c4531b!8m2!3d11.1206028!4d76.096586!15sCg5iYWtlcnkgbWFuamVyaVoQIg5iYWtlcnkgbWFuamVyaZIBBmJha2VyeaoBQxABKgoiBmJha2VyeSgAMh8QASIbmo7a4Hvb5wMSzt2YFJb0yBXRlnx6q_jWKkmFMhIQAiIOYmFrZXJ5IG1hbmplcmngAQA!16s%2Fg%2F11fqjp6wtp?entry=ttu&g_ep=EgoyMDI1MDgwNi4wIKXMDSoASAFQAw%3D%3D",bakery+manjeri,"11.1315827, 76.0379524",Claim this business,Bakery and Cake Shop,Food_Businesses,4.3,8.0,₹₹,Closes 10pm,⋅ Closes 10pm,No,Yes,No,No,Yes,No,Unknown,Unknown,"·

Takeaway
",takeaway,,,Not Available,,,bakery manjeri,2025-08-09 20:40:58
ROYAL BAKERY AND COOLBAR,"Royal Building, Melakkam, Manjeri, Kerala 676123",,"https://www.google.com/maps/place/ROYAL+BAKERY+AND+COOLBAR/@11.1315827,76.0379524,13z/data=!4m11!1m3!2m2!1sbakery+manjeri!6e5!3m6!1s0x3ba63719dda2bcf7:0x9d43de2c0a4dfb28!8m2!3d11.1248255!4d76.118018!15sCg5iYWtlcnkgbWFuamVyaZIBBmJha2VyeaoBQxABKgoiBmJha2VyeSgAMh8QASIbmo7a4Hvb5wMSzt2YFJb0yBXRlnx6q_jWKkmFMhIQAiIOYmFrZXJ5IG1hbmplcmngAQA!16s%2Fg%2F11h6m7696k?entry=ttu&g_ep=EgoyMDI1MDgwNi4wIKXMDSoASAFQAw%3D%3D",bakery+manjeri,"11.1315827, 76.0379524",,Bakery and Cake Shop,Food_Businesses,4.0,1.0,₹₹,Closes 10:30pm,⋅ Closes 10:30pm,No,No,No,No,No,No,Unknown,Unknown,None Found,,,1.0,Not Available,,,bakery manjeri,2025-08-09 20:41:03
Olene Canto Bakes & Restaurant (Anakkayam - Manjeri),"Anakkayam, Manjeri, Kerala 676509",077778 77755,"https://www.google.com/maps/place/Olene+Canto+Bakes+%26+Restaurant+(Anakkayam+-+Manjeri)/@11.1315827,76.0379524,13z/data=!4m11!1m3!2m2!1sbakery+manjeri!6e5!3m6!1s0x3ba635abf667e21d:0xd3393e5258788ce5!8m2!3d11.0900627!4d76.1207887!15sCg5iYWtlcnkgbWFuamVyaVoQIg5iYWtlcnkgbWFuamVyaZIBCnJlc3RhdXJhbnSqAUMQASoKIgZiYWtlcnkoADIfEAEiG5qO2uB72-cDEs7dmBSW9MgV0ZZ8eqv41ipJhTISEAIiDmJha2VyeSBtYW5qZXJp4AEA!16s%2Fg%2F11f5lxqq53?entry=ttu&g_ep=EgoyMDI1MDgwNi4wIKXMDSoASAFQAw%3D%3D",bakery+manjeri,"11.1315827, 76.0379524",olenecanto.com,Restaurant,Food_Businesses,3.8,607.0,₹₹,Closes 11:30pm,⋅ Closes 11:30pm,No,Yes,Yes,Yes,Yes,No,Unknown,Unknown,"·

Dine-in
·

Takeaway
·

Delivery
",delivery; takeaway; dine-in,,1.0,Not Available,,,bakery manjeri,2025-08-09 20:41:08
sweet cakes,"Manjeri - Pandikkad Rd, Kuttan Thampuran, Manjeri, Kerala 676122",,"https://www.google.com/maps/place/sweet+cakes/@11.1315827,76.0379524,13z/data=!4m11!1m3!2m2!1sbakery+manjeri!6e5!3m6!1s0x3ba63704cd130c31:0x1ea7e384b2e86a68!8m2!3d11.1234822!4d76.130497!15sCg5iYWtlcnkgbWFuamVyaZIBCmRyZXNzX3Nob3CqAUMQASoKIgZiYWtlcnkoADIfEAEiG5qO2uB72-cDEs7dmBSW9MgV0ZZ8eqv41ipJhTISEAIiDmJha2VyeSBtYW5qZXJp4AEA!16s%2Fg%2F11x5jh2lqc?entry=ttu&g_ep=EgoyMDI1MDgwNi4wIKXMDSoASAFQAw%3D%3D",bakery+manjeri,"11.1315827, 76.0379524",,Dress store,Food_Businesses,5.0,2.0,₹₹,Opens 10am Sun,⋅ Opens 10am Sun,No,No,No,No,No,No,Unknown,Unknown,None Found,,,,Not Available,,,bakery manjeri,2025-08-09 20:41:13
Beirut Delights ( Lebanese Bakery),"UA Mall, Mullampara Rd, opposite Popees, Kacherippadi, Manjeri, Kerala 676121",,"https://www.google.com/maps/place/Beirut+Delights+(+Lebanese+Bakery)/@11.1315827,76.0379524,13z/data=!4m11!1m3!2m2!1sbakery+manjeri!6e5!3m6!1s0x3ba637762ac71d9d:0x98c79d8d3fb6f653!8m2!3d11.1116192!4d76.1166369!15sCg5iYWtlcnkgbWFuamVyaVoQIg5iYWtlcnkgbWFuamVyaZIBBmJha2VyeaoBQxABKgoiBmJha2VyeSgAMh8QASIbmo7a4Hvb5wMSzt2YFJb0yBXRlnx6q_jWKkmFMhIQAiIOYmFrZXJ5IG1hbmplcmngAQA!16s%2Fg%2F11ybrp4hkr?entry=ttu&g_ep=EgoyMDI1MDgwNi4wIKXMDSoASAFQAw%3D%3D",bakery+manjeri,"11.1315827, 76.0379524",ajfangroup.com,Bakery and Cake Shop,Food_Businesses,5.0,4.0,₹₹,Closes 10pm,⋅ Closes 10pm,No,No,Yes,Yes,No,No,Unknown,Unknown,"·

Dine-in
·

Drive-through
·

No-contact delivery
",drive-through; no-contact delivery; dine-in,,5.0,Not Available,,,bakery manjeri,2025-08-09 20:41:18
lots.crème,"Industrial Estate Road, Calicut Rd, Manjeri, Kerala 676121",087143 71004,"https://www.google.com/maps/place/lots.cr%C3%A8me/@11.1315827,76.0379524,13z/data=!4m11!1m3!2m2!1sbakery+manjeri!6e5!3m6!1s0x3ba637b4ee217395:0x8af46096514d4bf3!8m2!3d11.1193535!4d76.1180587!15sCg5iYWtlcnkgbWFuamVyaVoQIg5iYWtlcnkgbWFuamVyaZIBCnBhdGlzc2VyaWWaASRDaGREU1VoTk1HOW5TMFZKUTBGblNVUkNkeTFZWTNGblJSQUKqAUMQASoKIgZiYWtlcnkoADIfEAEiG5qO2uB72-cDEs7dmBSW9MgV0ZZ8eqv41ipJhTISEAIiDmJha2VyeSBtYW5qZXJp4AEA-gEECAAQNA!16s%2Fg%2F11qsvxl8r0?entry=ttu&g_ep=EgoyMDI1MDgwNi4wIKXMDSoASAFQAw%3D%3D",bakery+manjeri,"11.1315827, 76.0379524",lotscreme.github.io,Patisserie,Food_Businesses,4.6,37.0,₹₹,Opens 11:30pm,Closed ⋅ Opens 11:30pm,No,Yes,Yes,Yes,Yes,No,Unknown,Unknown,"·

Dine-in
·

Takeaway
·

No-contact delivery
",takeaway; no-contact delivery; dine-in,,1.0,Not Available,,,bakery manjeri,2025-08-09 20:41:23
KC Bakery,"PAYYANAD ANGADI, OLD JUMA'MASJID, Payyanad, Manjeri, Kerala 676122",,"https://www.google.com/maps/place/KC+Bakery/@11.1191407,76.0751524,13z/data=!4m11!1m3!2m2!1sbakery+manjeri!6e5!3m6!1s0x3ba637e035b00653:0xcb9a81903d52b984!8m2!3d11.1191407!4d76.1472502!15sCg5iYWtlcnkgbWFuamVyaVoQIg5iYWtlcnkgbWFuamVyaZIBBmJha2VyeaoBQxABKgoiBmJha2VyeSgAMh8QASIbmo7a4Hvb5wMSzt2YFJb0yBXRlnx6q_jWKkmFMhIQAiIOYmFrZXJ5IG1hbmplcmngAQA!16s%2Fg%2F11gvy0vz7q?entry=ttu&g_ep=EgoyMDI1MDgwNi4wIKXMDSoASAFQAw%3D%3D",bakery+manjeri,"11.1191407, 76.0751524",Claim this business,Bakery and Cake Shop,Food_Businesses,4.3,4.0,₹₹,Closes 10:30pm,⋅ Closes 10:30pm,No,Yes,No,No,Yes,No,Unknown,Unknown,"·

Takeaway
",takeaway,,,Not Available,,,bakery manjeri,2025-08-09 20:41:28
Calicut Sweets bakes&cafe,"Muttipalam Upper, Manjeri, Kerala 676121",,"https://www.google.com/maps/place/Calicut+Sweets+bakes%26cafe/@11.1191407,76.0751524,13z/data=!4m11!1m3!2m2!1sbakery+manjeri!6e5!3m6!1s0x3ba6353d43eb7cef:0xc67dceacdd8d6a98!8m2!3d11.0968599!4d76.1196508!15sCg5iYWtlcnkgbWFuamVyaVoQIg5iYWtlcnkgbWFuamVyaZIBBmJha2VyeaoBQxABKgoiBmJha2VyeSgAMh8QASIbmo7a4Hvb5wMSzt2YFJb0yBXRlnx6q_jWKkmFMhIQAiIOYmFrZXJ5IG1hbmplcmngAQA!16s%2Fg%2F11fhr0nkbx?entry=ttu&g_ep=EgoyMDI1MDgwNi4wIKXMDSoASAFQAw%3D%3D",bakery+manjeri,"11.1191407, 76.0751524",,Bakery and Cake Shop,Food_Businesses,4.6,7.0,₹₹,,,No,Yes,No,No,Yes,No,Unknown,Unknown,"·

Takeaway
",takeaway,,1.0,Not Available,,,bakery manjeri,2025-08-09 20:41:33
Le Délice by Riza,"Mullampara Town, Manjeri, Kerala 676121",070124 52558,"https://www.google.com/maps/place/Le+D%C3%A9lice+by+Riza/@11.1036536,76.036059,13z/data=!4m11!1m3!2m2!1sbakery+manjeri!6e5!3m6!1s0x3ba6354a897bd8f9:0x861786257a4f678a!8m2!3d11.1036536!4d76.1081568!15sCg5iYWtlcnkgbWFuamVyaVoQIg5iYWtlcnkgbWFuamVyaZIBCWNha2Vfc2hvcJoBJENoZERTVWhOTUc5blMwVkpRMEZuVFVOUmFUVTJiemxuUlJBQqoBQxABKgoiBmJha2VyeSgAMh8QASIbmo7a4Hvb5wMSzt2YFJb0yBXRlnx6q_jWKkmFMhIQAiIOYmFrZXJ5IG1hbmplcmngAQD6AQQIABAe!16s%2Fg%2F11ybrmsmkn?entry=ttu&g_ep=EgoyMDI1MDgwNi4wIKXMDSoASAFQAw%3D%3D",bakery+manjeri,"11.1036536, 76.036059",,Cake shop,Food_Businesses,5.0,1.0,₹₹,Closes 10pm,⋅ Closes 10pm,No,No,No,No,No,No,Unknown,Unknown,None Found,,,1.0,Not Available,,,bakery manjeri,2025-08-09 20:41:38
CAKE HOUSE,"near MANJERI, Vattappara, EDAMANAKKULAM, Manjeri, Kerala 676122",,"https://www.google.com/maps/place/CAKE+HOUSE/@11.1036536,76.036059,13z/data=!4m11!1m3!2m2!1sbakery+manjeri!6e5!3m6!1s0x3ba6370dad925487:0x70e151ebf9395023!8m2!3d11.1145147!4d76.1015508!15sCg5iYWtlcnkgbWFuamVyaZIBCWNha2Vfc2hvcKoBQxABKgoiBmJha2VyeSgAMh8QASIbmo7a4Hvb5wMSzt2YFJb0yBXRlnx6q_jWKkmFMhIQAiIOYmFrZXJ5IG1hbmplcmngAQA!16s%2Fg%2F11yc087_70?entry=ttu&g_ep=EgoyMDI1MDgwNi4wIKXMDSoASAFQAw%3D%3D",bakery+manjeri,"11.1036536, 76.036059",,Cake shop,Food_Businesses,5.0,1.0,₹₹,Opens 12:30am Sun,⋅ Opens 12:30am Sun,No,No,No,No,No,No,Unknown,Unknown,None Found,,,,Not Available,,,bakery manjeri,2025-08-09 20:41:43
Emerat Cafe & Bakery,"442C+G4P, Muttipalam Upper, Manjeri, Kerala 676121",081398 44540,"https://www.google.com/maps/place/Emerat+Cafe+%26+Bakery/@11.1036536,76.036059,13z/data=!4m11!1m3!2m2!1sbakery+manjeri!6e5!3m6!1s0x3ba6354040af0dc7:0x73e9a45b17d0fe74!8m2!3d11.101364!4d76.1203653!15sCg5iYWtlcnkgbWFuamVyaVoQIg5iYWtlcnkgbWFuamVyaZIBBmJha2VyeaoBQxABKgoiBmJha2VyeSgAMh8QASIbmo7a4Hvb5wMSzt2YFJb0yBXRlnx6q_jWKkmFMhIQAiIOYmFrZXJ5IG1hbmplcmngAQA!16s%2Fg%2F11tdxtd4g_?entry=ttu&g_ep=EgoyMDI1MDgwNi4wIKXMDSoASAFQAw%3D%3D",bakery+manjeri,"11.1036536, 76.036059",Claim this business,Bakery and Cake Shop,Food_Businesses,4.0,3.0,₹₹,,,No,Yes,Yes,No,Yes,No,Unknown,Unknown,"·

Takeaway
·

Delivery
",delivery; takeaway,,1.0,Not Available,,,bakery manjeri,2025-08-09 20:41:48
ENZO BAKERY,"34M6+5GW, Panayi-Veetippadi Road, Anakkayam, Manjeri, Kerala 676509",098464 10670,"https://www.google.com/maps/place/ENZO+BAKERY/@11.1036536,76.036059,13z/data=!4m11!1m3!2m2!1sbakery+manjeri!6e5!3m6!1s0x3ba635c6d6c9cf4b:0xc75f36b21522a91f!8m2!3d11.0829859!4d76.1113296!15sCg5iYWtlcnkgbWFuamVyaVoQIg5iYWtlcnkgbWFuamVyaZIBBmJha2VyeaoBQxABKgoiBmJha2VyeSgAMh8QASIbmo7a4Hvb5wMSzt2YFJb0yBXRlnx6q_jWKkmFMhIQAiIOYmFrZXJ5IG1hbmplcmngAQA!16s%2Fg%2F11f_1hpt76?entry=ttu&g_ep=EgoyMDI1MDgwNi4wIKXMDSoASAFQAw%3D%3D",bakery+manjeri,"11.1036536, 76.036059",Claim this business,Bakery and Cake Shop,Food_Businesses,4.4,5.0,₹₹,Closes 10pm,⋅ Closes 10pm,No,Yes,No,No,Yes,No,Unknown,Unknown,"·

Takeaway
",takeaway,,,Not Available,,,bakery manjeri,2025-08-09 20:41:53
BAKE OFF,"Shop No 04, Bazaar, Veemart, Manjeri, Kerala 676122",092070 05008,"https://www.google.com/maps/place/BAKE+OFF/@11.1036536,76.036059,13z/data=!4m11!1m3!2m2!1sbakery+manjeri!6e5!3m6!1s0x3ba6371f3643f9b9:0x47e68a0417502f!8m2!3d11.1208909!4d76.1232809!15sCg5iYWtlcnkgbWFuamVyaVoQIg5iYWtlcnkgbWFuamVyaZIBDWdlbmVyYWxfc3RvcmWaASRDaGREU1VoTk1HOW5TMFZKUTBGblNVUkRNSEl0ZEhGUlJSQUKqAUMQASoKIgZiYWtlcnkoADIfEAEiG5qO2uB72-cDEs7dmBSW9MgV0ZZ8eqv41ipJhTISEAIiDmJha2VyeSBtYW5qZXJp4AEA-gEECAAQRQ!16s%2Fg%2F11fp8zn2ns?entry=ttu&g_ep=EgoyMDI1MDgwNi4wIKXMDSoASAFQAw%3D%3D",bakery+manjeri,"11.1036536, 76.036059",,General store,Food_Businesses,4.0,5.0,₹₹,Closes 10pm,⋅ Closes 10pm,No,No,No,No,No,No,Unknown,Unknown,None Found,,,,Not Available,,,bakery manjeri,2025-08-09 20:41:59
Tasty Foods - Chappathi Company,"Calicut Rd, Thurakkal, Manjeri, Kerala 676121",097459 92223,"https://www.google.com/maps/place/Tasty+Foods+-+Chappathi+Company/@11.1036536,76.036059,13z/data=!4m11!1m3!2m2!1sbakery+manjeri!6e5!3m6!1s0x3ba63612b7e3f065:0xec031678237bdc6d!8m2!3d11.1202437!4d76.1081429!15sCg5iYWtlcnkgbWFuamVyaVoQIg5iYWtlcnkgbWFuamVyaZIBIGNhdGVyaW5nX2Zvb2RfYW5kX2RyaW5rX3N1cHBsaWVzqgFDEAEqCiIGYmFrZXJ5KAAyHxABIhuajtrge9vnAxLO3ZgUlvTIFdGWfHqr-NYqSYUyEhACIg5iYWtlcnkgbWFuamVyaeABAA!16s%2Fg%2F11hbgt30my?entry=ttu&g_ep=EgoyMDI1MDgwNi4wIKXMDSoASAFQAw%3D%3D",bakery+manjeri,"11.1036536, 76.036059",,Catering food and drink supplier,Food_Businesses,4.1,128.0,₹₹,Closes 10:30pm,⋅ Closes 10:30pm,No,Yes,Yes,Yes,Yes,No,Unknown,Unknown,"·

Dine-in
·

Takeaway
·

Delivery
",delivery; takeaway; dine-in,,1.0,Not Available,,,bakery manjeri,2025-08-09 20:42:04
Khajur dates and nuts,"4469+3X2, Kacherippadi, Manjeri, Kerala 676121",,"https://www.google.com/maps/place/Khajur+dates+and+nuts/@11.1036536,76.036059,13z/data=!4m11!1m3!2m2!1sbakery+manjeri!6e5!3m6!1s0x3ba637c8cac07c2d:0xbf4fdbb3f56702f0!8m2!3d11.1102133!4d76.1199412!15sCg5iYWtlcnkgbWFuamVyaVoQIg5iYWtlcnkgbWFuamVyaZIBBmJha2VyeaoBQxABKgoiBmJha2VyeSgAMh8QASIbmo7a4Hvb5wMSzt2YFJb0yBXRlnx6q_jWKkmFMhIQAiIOYmFrZXJ5IG1hbmplcmngAQA!16s%2Fg%2F11t9qyp4d9?entry=ttu&g_ep=EgoyMDI1MDgwNi4wIKXMDSoASAFQAw%3D%3D",bakery+manjeri,"11.1036536, 76.036059",,Bakery and Cake Shop,Food_Businesses,4.9,7.0,₹₹,Closes 11pm,⋅ Closes 11pm,No,Yes,Yes,No,Yes,No,Unknown,Unknown,"·

Takeaway
·

Delivery
",delivery; takeaway,,,Not Available,,,bakery manjeri,2025-08-09 20:42:09
Salala Bakery cool bar & Stationary,"43XW+65V, Areekode - Manjeri Rd, Kidangazhi, Areekode, Kerala 676123",098462 71849,"https://www.google.com/maps/place/Salala+Bakery+cool+bar+%26+Stationary/@11.1036536,76.036059,13z/data=!4m11!1m3!2m2!1sbakery+manjeri!6e5!3m6!1s0x3ba637727345f175:0x1d7a9297485bf930!8m2!3d11.1473568!4d76.0954826!15sCg5iYWtlcnkgbWFuamVyaVoQIg5iYWtlcnkgbWFuamVyaZIBBmJha2VyeaoBQxABKgoiBmJha2VyeSgAMh8QASIbmo7a4Hvb5wMSzt2YFJb0yBXRlnx6q_jWKkmFMhIQAiIOYmFrZXJ5IG1hbmplcmngAQA!16s%2Fg%2F11thshzzp8?entry=ttu&g_ep=EgoyMDI1MDgwNi4wIKXMDSoASAFQAw%3D%3D",bakery+manjeri,"11.1036536, 76.036059",Claim this business,Bakery and Cake Shop,Food_Businesses,4.3,30.0,₹₹,Closes 11pm,⋅ Closes 11pm,No,Yes,No,No,Yes,No,Unknown,Unknown,"·

Takeaway
",takeaway,,1.0,Not Available,,,bakery manjeri,2025-08-09 20:42:14
Sweets Land manjeri,"449F+FQQ, Vellarangal, Manjeri, Kerala 676122",093880 03542,"https://www.google.com/maps/place/Sweets+Land+manjeri/@11.1036536,76.036059,13z/data=!4m11!1m3!2m2!1sbakery+manjeri!6e5!3m6!1s0x3ba6367b3e7e7e69:0x433fe2c53e9ea71c!8m2!3d11.1187173!4d76.1244821!15sCg5iYWtlcnkgbWFuamVyaVoQIg5iYWtlcnkgbWFuamVyaZIBC2NhbmR5X3N0b3JlmgEjQ2haRFNVaE5NRzluUzBWSlEwRm5TVU15TVdaaVVFWkJFQUWqAUMQASoKIgZiYWtlcnkoADIfEAEiG5qO2uB72-cDEs7dmBSW9MgV0ZZ8eqv41ipJhTISEAIiDmJha2VyeSBtYW5qZXJp4AEA-gEECAAQSg!16s%2Fg%2F11f5hlxj5s?entry=ttu&g_ep=EgoyMDI1MDgwNi4wIKXMDSoASAFQAw%3D%3D",bakery+manjeri,"11.1036536, 76.036059",Claim this business,Sweet shop,Food_Businesses,4.6,14.0,₹₹,,,No,No,No,No,No,No,Unknown,Unknown,None Found,,,1.0,Not Available,,,bakery manjeri,2025-08-09 20:42:19
Bake n Cook HOMEMADE CAKES & FOOD SERVICE,"Cholakkal, Payyanad, Manjeri, Kerala 676122",089075 37404,"https://www.google.com/maps/place/Bake+n+Cook+HOMEMADE+CAKES+%26+FOOD+SERVICE/@11.1173147,76.0847333,13z/data=!4m11!1m3!2m2!1sbakery+manjeri!6e5!3m6!1s0x3ba63790170e72bb:0xaecd5d9c5cffac2f!8m2!3d11.1173147!4d76.1568311!15sCg5iYWtlcnkgbWFuamVyaVoQIg5iYWtlcnkgbWFuamVyaZIBBmJha2VyeaoBQxABKgoiBmJha2VyeSgAMh8QASIbmo7a4Hvb5wMSzt2YFJb0yBXRlnx6q_jWKkmFMhIQAiIOYmFrZXJ5IG1hbmplcmngAQA!16s%2Fg%2F11jv73hpvx?entry=ttu&g_ep=EgoyMDI1MDgwNi4wIKXMDSoASAFQAw%3D%3D",bakery+manjeri,"11.1173147, 76.0847333",,Bakery and Cake Shop,Food_Businesses,4.0,4.0,₹₹,Opens 8am Sun,⋅ Opens 8am Sun,No,Yes,Yes,No,Yes,No,Unknown,Unknown,"·

Takeaway
·

Delivery
",delivery; takeaway,,1.0,Not Available,,,bakery manjeri,2025-08-09 20:42:24
MA COOLBAR,"44C2+H4F, Patterkulam, Manjeri, Kerala 676122",,"https://www.google.com/maps/place/MA+COOLBAR/@11.1214403,76.0282116,13z/data=!4m11!1m3!2m2!1sbakery+manjeri!6e5!3m6!1s0x3ba637003bbd5409:0xfa9413637bce54e3!8m2!3d11.1214403!4d76.1003094!15sCg5iYWtlcnkgbWFuamVyaVoQIg5iYWtlcnkgbWFuamVyaZIBBmJha2VyeZoBRENpOURRVWxSUVVOdlpFTm9kSGxqUmpsdlQydFdTR1Z1U25SWk1FcFBZbTVPVlU5WVZYaGtSelY2VWpOb1lVMHlZeEFCqgFDEAEqCiIGYmFrZXJ5KAAyHxABIhuajtrge9vnAxLO3ZgUlvTIFdGWfHqr-NYqSYUyEhACIg5iYWtlcnkgbWFuamVyaeABAPoBBAgAEEY!16s%2Fg%2F11l_8znyq9?entry=ttu&g_ep=EgoyMDI1MDgwNi4wIKXMDSoASAFQAw%3D%3D",bakery+manjeri,"11.1214403, 76.0282116",Claim this business,Bakery and Cake Shop,Food_Businesses,4.0,1.0,₹₹,,,No,No,No,No,No,No,Unknown,Unknown,None Found,,,1.0,Not Available,,,bakery manjeri,2025-08-09 20:42:30
മഞ്ചേരി,"44G8+VWX, Manjeri - Wandoor Rd, Melakkam, Manjeri, Kerala 676123",,"https://www.google.com/maps/place/%E0%B4%AE%E0%B4%9E%E0%B5%8D%E0%B4%9A%E0%B5%87%E0%B4%B0%E0%B4%BF/@11.1214403,76.0282116,13z/data=!4m11!1m3!2m2!1sbakery+manjeri!6e5!3m6!1s0x3ba637003999762f:0x1e329a2cf713745b!8m2!3d11.1272329!4d76.1173446!15sCg5iYWtlcnkgbWFuamVyaZIBBmJha2VyeaoBQxABKgoiBmJha2VyeSgAMh8QASIbmo7a4Hvb5wMSzt2YFJb0yBXRlnx6q_jWKkmFMhIQAiIOYmFrZXJ5IG1hbmplcmngAQA!16s%2Fg%2F11x0kv7bgw?entry=ttu&g_ep=EgoyMDI1MDgwNi4wIKXMDSoASAFQAw%3D%3D",bakery+manjeri,"11.1214403, 76.0282116",Claim this business,Bakery and Cake Shop,Food_Businesses,5.0,1.0,₹₹,,,No,No,No,No,No,No,Unknown,Unknown,None Found,,,,Not Available,,,bakery manjeri,2025-08-09 20:42:35
FASU PE COFFEE MALL,"3, Manjeri - Wandoor Rd, Cherani Nilambur Road, Nelliparambu Rd, Malappuram, Kerala 676123",094007 58485,"https://www.google.com/maps/place/FASU+PE+COFFEE+MALL/@11.1214403,76.0282116,13z/data=!4m11!1m3!2m2!1sbakery+manjeri!6e5!3m6!1s0x3ba637cba328892d:0x63431e05475312b!8m2!3d11.1292047!4d76.1156678!15sCg5iYWtlcnkgbWFuamVyaVoQIg5iYWtlcnkgbWFuamVyaZIBBmJha2VyeaoBQxABKgoiBmJha2VyeSgAMh8QASIbmo7a4Hvb5wMSzt2YFJb0yBXRlnx6q_jWKkmFMhIQAiIOYmFrZXJ5IG1hbmplcmngAQA!16s%2Fg%2F11j380fgxn?entry=ttu&g_ep=EgoyMDI1MDgwNi4wIKXMDSoASAFQAw%3D%3D",bakery+manjeri,"11.1214403, 76.0282116",,Bakery and Cake Shop,Food_Businesses,5.0,5.0,₹₹,Closes 10:30pm,⋅ Closes 10:30pm,No,Yes,No,No,Yes,No,Unknown,Unknown,"·

Takeaway
",takeaway,,,Not Available,,,bakery manjeri,2025-08-09 20:42:40
Caramelt Cakes,"House No. 37 A , Kizhekethala, MLA Road, Pandikkad Road, Manjeri, Kerala 676122",090744 19581,"https://www.google.com/maps/place/Caramelt+Cakes/@11.1214403,76.0282116,13z/data=!4m11!1m3!2m2!1sbakery+manjeri!6e5!3m6!1s0x3ba63728075d14a7:0x979e95efef51254!8m2!3d11.1243387!4d76.1256949!15sCg5iYWtlcnkgbWFuamVyaVoQIg5iYWtlcnkgbWFuamVyaZIBCWNha2Vfc2hvcKoBQxABKgoiBmJha2VyeSgAMh8QASIbmo7a4Hvb5wMSzt2YFJb0yBXRlnx6q_jWKkmFMhIQAiIOYmFrZXJ5IG1hbmplcmngAQA!16s%2Fg%2F11y4_sx9st?entry=ttu&g_ep=EgoyMDI1MDgwNi4wIKXMDSoASAFQAw%3D%3D",bakery+manjeri,"11.1214403, 76.0282116",,Cake shop,Food_Businesses,3.6,,₹₹,9pm,⋅ 9pm ⋅ Opens 10am Mon,No,Yes,No,No,Yes,No,Unknown,Unknown,"·

Takeaway
",takeaway,,1.0,Not Available,,,bakery manjeri,2025-08-09 20:42:45
KALAVARA HOTEL,"123, Nilambur - Malappuram Rd, Bulding, Melakkam, Manjeri, Malappuram, Kerala 676123",089213 11156,"https://www.google.com/maps/place/KALAVARA+HOTEL/@11.1214403,76.0282116,13z/data=!4m11!1m3!2m2!1sbakery+manjeri!6e5!3m6!1s0x3ba6379f90546543:0x61ffa05a7e8dba5f!8m2!3d11.1241319!4d76.1184529!15sCg5iYWtlcnkgbWFuamVyaZIBBmJha2VyeaoBQxABKgoiBmJha2VyeSgAMh8QASIbmo7a4Hvb5wMSzt2YFJb0yBXRlnx6q_jWKkmFMhIQAiIOYmFrZXJ5IG1hbmplcmngAQA!16s%2Fg%2F11lmnqmxbg?entry=ttu&g_ep=EgoyMDI1MDgwNi4wIKXMDSoASAFQAw%3D%3D",bakery+manjeri,"11.1214403, 76.0282116",,Bakery and Cake Shop,Food_Businesses,3.0,6.0,₹₹,,,No,No,No,No,No,No,Unknown,Unknown,None Found,,,,Not Available,,,bakery manjeri,2025-08-09 20:42:50
APPLE BAKERY,"Anakkayam, Manjer, Kerala 676509",098468 36834,"https://www.google.com/maps/place/APPLE+BAKERY/@11.1214403,76.0282116,13z/data=!4m11!1m3!2m2!1sbakery+manjeri!6e5!3m6!1s0x3ba635195ee48b13:0x1bb7853711cb3570!8m2!3d11.0877398!4d76.1211765!15sCg5iYWtlcnkgbWFuamVyaVoQIg5iYWtlcnkgbWFuamVyaZIBBmJha2VyeaoBQxABKgoiBmJha2VyeSgAMh8QASIbmo7a4Hvb5wMSzt2YFJb0yBXRlnx6q_jWKkmFMhIQAiIOYmFrZXJ5IG1hbmplcmngAQA!16s%2Fg%2F11qh1zkcd5?entry=ttu&g_ep=EgoyMDI1MDgwNi4wIKXMDSoASAFQAw%3D%3D",bakery+manjeri,"11.1214403, 76.0282116",,Bakery and Cake Shop,Food_Businesses,4.7,13.0,₹₹,Closes 11:30pm,⋅ Closes 11:30pm,No,Yes,No,No,Yes,No,Unknown,Unknown,"·

Takeaway
",takeaway,,1.0,Not Available,,,bakery manjeri,2025-08-09 20:42:55
Lulu bakery & Lulu fried Chikken,"Manjeri Rd, Pandikkad, Kerala 676521",085938 81222,"https://www.google.com/maps/place/Lulu+bakery+%26+Lulu+fried+Chikken/@11.0949441,76.1479102,13z/data=!4m11!1m3!2m2!1sbakery+manjeri!6e5!3m6!1s0x3ba6335dae514483:0x155576fcc30b9d9d!8m2!3d11.0949441!4d76.220008!15sCg5iYWtlcnkgbWFuamVyaVoQIg5iYWtlcnkgbWFuamVyaZIBBmJha2VyeaoBQxABKgoiBmJha2VyeSgAMh8QASIbmo7a4Hvb5wMSzt2YFJb0yBXRlnx6q_jWKkmFMhIQAiIOYmFrZXJ5IG1hbmplcmngAQA!16s%2Fg%2F11rxsplb4p?entry=ttu&g_ep=EgoyMDI1MDgwNi4wIKXMDSoASAFQAw%3D%3D",bakery+manjeri,"11.0949441, 76.1479102",,Bakery and Cake Shop,Food_Businesses,3.7,56.0,₹₹,Closes 11:30pm,⋅ Closes 11:30pm,No,Yes,Yes,Yes,Yes,No,Unknown,Unknown,"·

Dine-in
·

Takeaway
·

No-contact delivery
",takeaway; no-contact delivery; dine-in,,1.0,Not Available,,,bakery manjeri,2025-08-09 20:43:00
HAP daily,"SHOP NO: 14/157 X,Y,Z,Z1, C H Bypass, Manjeri, Kerala 676122",099469 75693,"https://www.google.com/maps/place/HAP+daily/@11.1228922,76.0522684,13z/data=!4m11!1m3!2m2!1sbakery+manjeri!6e5!3m6!1s0x3ba636645a370c47:0x6739913274f5d8f6!8m2!3d11.1228922!4d76.1243662!15sCg5iYWtlcnkgbWFuamVyaVoQIg5iYWtlcnkgbWFuamVyaZIBC2RhaXJ5X3N0b3JlqgFDEAEqCiIGYmFrZXJ5KAAyHxABIhuajtrge9vnAxLO3ZgUlvTIFdGWfHqr-NYqSYUyEhACIg5iYWtlcnkgbWFuamVyaeABAA!16s%2Fg%2F11c2lcflsz?entry=ttu&g_ep=EgoyMDI1MDgwNi4wIKXMDSoASAFQAw%3D%3D",bakery+manjeri,"11.1228922, 76.0522684",hapdaily.com,Dairy store,Food_Businesses,4.3,6.0,₹₹,9pm,⋅ 9pm ⋅ Opens 9am Sun,Yes,Yes,Yes,No,Yes,No,Unknown,Unknown,"·

In-store shopping
·

In-store pick-up
·

Delivery
",delivery; in-store shopping; in-store pick-up,,1.0,Not Available,,,bakery manjeri,2025-08-09 20:43:05
SWEET LAND,"44XC+FP8, Manjeri - Wandoor Rd, Trikkalangode, Kerala 676123",,"https://www.google.com/maps/place/SWEET+LAND/@11.1228922,76.0522684,13z/data=!4m11!1m3!2m2!1sbakery+manjeri!6e5!3m6!1s0x3ba6377d5fc8917b:0x14856c5a9bfcc839!8m2!3d11.1486675!4d76.1218216!15sCg5iYWtlcnkgbWFuamVyaVoQIg5iYWtlcnkgbWFuamVyaZIBBmJha2VyeaoBQxABKgoiBmJha2VyeSgAMh8QASIbmo7a4Hvb5wMSzt2YFJb0yBXRlnx6q_jWKkmFMhIQAiIOYmFrZXJ5IG1hbmplcmngAQA!16s%2Fg%2F11h6s0x6zw?entry=ttu&g_ep=EgoyMDI1MDgwNi4wIKXMDSoASAFQAw%3D%3D",bakery+manjeri,"11.1228922, 76.0522684",Claim this business,Bakery and Cake Shop,Food_Businesses,4.0,2.0,₹₹,Closes 11:30pm,⋅ Closes 11:30pm,No,Yes,No,No,Yes,No,Unknown,Unknown,"·

Takeaway
",takeaway,,,Not Available,,,bakery manjeri,2025-08-09 20:43:10
Cafe Coffee @ MC Road,"448C+QC3, Cherakkara Rd, Vayapparapadi, Vellarangal, Manjeri, Kerala 676121",097466 69746,"https://www.google.com/maps/place/Cafe+Coffee+@+MC+Road/@11.1228922,76.0522684,13z/data=!4m11!1m3!2m2!1sbakery+manjeri!6e5!3m6!1s0x3ba6367a877ae44f:0xd42ef99e2f47ce55!8m2!3d11.1168994!4d76.1210359!15sCg5iYWtlcnkgbWFuamVyaVoQIg5iYWtlcnkgbWFuamVyaZIBC2NvZmZlZV9zaG9wqgFDEAEqCiIGYmFrZXJ5KAAyHxABIhuajtrge9vnAxLO3ZgUlvTIFdGWfHqr-NYqSYUyEhACIg5iYWtlcnkgbWFuamVyaeABAA!16s%2Fg%2F11cmtj93cw?entry=ttu&g_ep=EgoyMDI1MDgwNi4wIKXMDSoASAFQAw%3D%3D",bakery+manjeri,"11.1228922, 76.0522684",Claim this business,Coffee shop,Food_Businesses,4.1,92.0,₹₹,Closes 10pm,⋅ Closes 10pm,No,Yes,No,Yes,Yes,No,Unknown,Unknown,"·

Dine-in
·

Takeaway
",takeaway; dine-in,,1.0,Not Available,,,bakery manjeri,2025-08-09 20:43:15
Kerala Bakery,"Kavanur, Kerala 673639",098093 48104,"https://www.google.com/maps/place/Kerala+Bakery/@11.1969613,75.9921942,13z/data=!3m1!5s0x3ba647e0f60360b3:0xdb1399c73a29f17a!4m11!1m3!2m2!1sbakery+manjeri!6e5!3m6!1s0x3ba647e058bf86f3:0xd3889e92438814a8!8m2!3d11.1969613!4d76.064292!15sCg5iYWtlcnkgbWFuamVyaVoQIg5iYWtlcnkgbWFuamVyaZIBBmJha2VyeaoBQxABKgoiBmJha2VyeSgAMh8QASIbmo7a4Hvb5wMSzt2YFJb0yBXRlnx6q_jWKkmFMhIQAiIOYmFrZXJ5IG1hbmplcmngAQA!16s%2Fg%2F11c506jq5p?entry=ttu&g_ep=EgoyMDI1MDgwNi4wIKXMDSoASAFQAw%3D%3D",bakery+manjeri,"11.1969613, 75.9921942",,Bakery and Cake Shop,Food_Businesses,4.3,106.0,₹₹,Closes 10:30pm,⋅ Closes 10:30pm,No,Yes,Yes,No,Yes,No,Unknown,Unknown,"·

Takeaway
·

Delivery
",delivery; takeaway,,1.0,Not Available,,,bakery manjeri,2025-08-09 20:43:20
Nannas Home Fresh,"Kidangazhi, Manjeri, Kerala 676123",,"https://www.google.com/maps/place/Nannas+Home+Fresh/@11.1969613,75.9921942,13z/data=!4m11!1m3!2m2!1sbakery+manjeri!6e5!3m6!1s0x3ba637a9f74d1f21:0xea68d4ed30cd2c88!8m2!3d11.1467667!4d76.0974512!15sCg5iYWtlcnkgbWFuamVyaZIBBmJha2VyeaoBQxABKgoiBmJha2VyeSgAMh8QASIbmo7a4Hvb5wMSzt2YFJb0yBXRlnx6q_jWKkmFMhIQAiIOYmFrZXJ5IG1hbmplcmngAQA!16s%2Fg%2F11xdgj1f3v?entry=ttu&g_ep=EgoyMDI1MDgwNi4wIKXMDSoASAFQAw%3D%3D",bakery+manjeri,"11.1969613, 75.9921942",,Bakery and Cake Shop,Food_Businesses,3.6,,₹₹,Open 24 hours,Open 24 hours,No,No,No,No,No,No,Unknown,Unknown,None Found,,,,Not Available,,,bakery manjeri,2025-08-09 20:43:25
BISMILLAH BAKERY,"Bismillah Bakery, Mangalasseri, Kerala 676123",062387 21348,"https://www.google.com/maps/place/BISMILLAH+BAKERY/@11.1339824,76.0547812,13z/data=!4m11!1m3!2m2!1sbakery+manjeri!6e5!3m6!1s0x3ba6365e928fa699:0x80f3d6ece8a1af01!8m2!3d11.1339824!4d76.126879!15sCg5iYWtlcnkgbWFuamVyaVoQIg5iYWtlcnkgbWFuamVyaZIBBmJha2VyeaoBQxABKgoiBmJha2VyeSgAMh8QASIbmo7a4Hvb5wMSzt2YFJb0yBXRlnx6q_jWKkmFMhIQAiIOYmFrZXJ5IG1hbmplcmngAQA!16s%2Fg%2F11d_tqh214?entry=ttu&g_ep=EgoyMDI1MDgwNi4wIKXMDSoASAFQAw%3D%3D",bakery+manjeri,"11.1339824, 76.0547812",,Bakery and Cake Shop,Food_Businesses,3.6,33.0,₹₹,Closes 10pm,⋅ Closes 10pm,No,Yes,No,No,Yes,No,Unknown,Unknown,"·

Takeaway
",takeaway,,1.0,Not Available,,,bakery manjeri,2025-08-09 20:43:31
MARVA BAKERY,"O1, Manjeri To Pandikkad Road, Nellikuth Maneri, To, Pandikkad Road, Kerala 676122",097785 42164,"https://www.google.com/maps/place/MARVA+BAKERY/@11.1070991,76.1094155,13z/data=!4m11!1m3!2m2!1sbakery+manjeri!6e5!3m6!1s0x3ba633702cd692e1:0xcd7f1774699bad81!8m2!3d11.1070991!4d76.1815133!15sCg5iYWtlcnkgbWFuamVyaVoQIg5iYWtlcnkgbWFuamVyaZIBBmJha2VyeaoBQxABKgoiBmJha2VyeSgAMh8QASIbmo7a4Hvb5wMSzt2YFJb0yBXRlnx6q_jWKkmFMhIQAiIOYmFrZXJ5IG1hbmplcmngAQA!16s%2Fg%2F11strc_vxv?entry=ttu&g_ep=EgoyMDI1MDgwNi4wIKXMDSoASAFQAw%3D%3D",bakery+manjeri,"11.1070991, 76.1094155",,Bakery and Cake Shop,Food_Businesses,4.0,3.0,₹₹,,,No,Yes,No,No,Yes,No,Unknown,Unknown,"·

Takeaway
",takeaway,,1.0,Not Available,,,bakery manjeri,2025-08-09 20:43:36
V.K Bakery,"539G+RWW, Areekode - Manjeri Rd, Chengara, Kerala 673639",082819 70627,"https://www.google.com/maps/place/V.K+Bakery/@11.1696172,76.0052212,13z/data=!4m11!1m3!2m2!1sbakery+manjeri!6e5!3m6!1s0x3ba64823ae759dcf:0x9324c4fdd9e85a4!8m2!3d11.1696172!4d76.077319!15sCg5iYWtlcnkgbWFuamVyaVoQIg5iYWtlcnkgbWFuamVyaZIBBmJha2VyeaoBQxABKgoiBmJha2VyeSgAMh8QASIbmo7a4Hvb5wMSzt2YFJb0yBXRlnx6q_jWKkmFMhIQAiIOYmFrZXJ5IG1hbmplcmngAQA!16s%2Fg%2F11l6tm0nrk?entry=ttu&g_ep=EgoyMDI1MDgwNi4wIKXMDSoASAFQAw%3D%3D",bakery+manjeri,"11.1696172, 76.0052212",Claim this business,Bakery and Cake Shop,Food_Businesses,4.0,1.0,₹₹,,,No,Yes,No,No,Yes,No,Unknown,Unknown,"·

Takeaway
",takeaway,,,Not Available,,,bakery manjeri,2025-08-09 20:43:41
FARSA RESTAURANT,"Rajiv Gandhi Bypass, Karuvambram, Manjeri, Kerala 676121",097498 88333,"https://www.google.com/maps/place/FARSA+RESTAURANT/@11.123714,76.0428327,13z/data=!4m11!1m3!2m2!1sbakery+manjeri!6e5!3m6!1s0x3ba6366b95555555:0x41a08fadffeedf13!8m2!3d11.123714!4d76.1149305!15sCg5iYWtlcnkgbWFuamVyaVoQIg5iYWtlcnkgbWFuamVyaZIBEmJpcnlhbmlfcmVzdGF1cmFudKoBQxABKgoiBmJha2VyeSgAMh8QASIbmo7a4Hvb5wMSzt2YFJb0yBXRlnx6q_jWKkmFMhIQAiIOYmFrZXJ5IG1hbmplcmngAQA!16s%2Fg%2F11ddyyxsw1?entry=ttu&g_ep=EgoyMDI1MDgwNi4wIKXMDSoASAFQAw%3D%3D",bakery+manjeri,"11.123714, 76.0428327",farsagroup.com,Biryani restaurant,Food_Businesses,4.1,7134.0,₹₹,Closes 11pm,⋅ Closes 11pm,No,No,Yes,Yes,No,No,Unknown,Unknown,"·

Dine-in
·

Drive-through
·

No-contact delivery
",drive-through; no-contact delivery; dine-in,,1.0,Not Available,,,bakery manjeri,2025-08-09 20:43:46
Hotel Oottupura,"Thurakkal Baputty Bypass Rd, Thurakkal, Manjeri, Kerala 676121",095671 26939,"https://www.google.com/maps/place/Hotel+Oottupura/@11.123714,76.0428327,13z/data=!4m11!1m3!2m2!1sbakery+manjeri!6e5!3m6!1s0x3ba637a3a5a26a97:0x751425b5caeb2d32!8m2!3d11.1194045!4d76.1114033!15sCg5iYWtlcnkgbWFuamVyaVoQIg5iYWtlcnkgbWFuamVyaZIBCnJlc3RhdXJhbnSqAUMQASoKIgZiYWtlcnkoADIfEAEiG5qO2uB72-cDEs7dmBSW9MgV0ZZ8eqv41ipJhTISEAIiDmJha2VyeSBtYW5qZXJp4AEA!16s%2Fg%2F11gyc2tkk2?entry=ttu&g_ep=EgoyMDI1MDgwNi4wIKXMDSoASAFQAw%3D%3D",bakery+manjeri,"11.123714, 76.0428327",,Restaurant,Food_Businesses,4.0,871.0,₹₹,Closes 1am,⋅ Closes 1am,No,No,Yes,Yes,No,No,Unknown,Unknown,"·

Dine-in
·

Drive-through
·

No-contact delivery
",drive-through; no-contact delivery; dine-in,,1.0,Not Available,,,bakery manjeri,2025-08-09 20:43:51
Budget Hyper Market Manjeri,"Bus Stand, Budget Circle, Kozhikode-Malappuram Bypass, near Indira Gandhi Memorial Bus Terminal, Kacherippadi, Manjeri, Kerala 676121",095678 57777,"https://www.google.com/maps/place/Budget+Hyper+Market+Manjeri/@11.123714,76.0428327,13z/data=!4m11!1m3!2m2!1sbakery+manjeri!6e5!3m6!1s0x3ba6367821fc201b:0x66bf7a25bda66903!8m2!3d11.1099462!4d76.1208347!15sCg5iYWtlcnkgbWFuamVyaVoQIg5iYWtlcnkgbWFuamVyaZIBC2h5cGVybWFya2V0qgFDEAEqCiIGYmFrZXJ5KAAyHxABIhuajtrge9vnAxLO3ZgUlvTIFdGWfHqr-NYqSYUyEhACIg5iYWtlcnkgbWFuamVyaeABAA!16s%2Fg%2F1q6kk0s44?entry=ttu&g_ep=EgoyMDI1MDgwNi4wIKXMDSoASAFQAw%3D%3D",bakery+manjeri,"11.123714, 76.0428327",hyperbudget.in,Hypermarket,Food_Businesses,4.1,2289.0,₹₹,Closes 11pm,⋅ Closes 11pm,Yes,Yes,Yes,No,Yes,No,Unknown,Unknown,"·

In-store pick-up
·

Delivery
",delivery; in-store pick-up,,1.0,Not Available,,,bakery manjeri,2025-08-09 20:43:56
S M swwets llp,"Madrasa Rd, Cherani, Manjeri, Kerala 676123",079070 17714,"https://www.google.com/maps/place/S+M+swwets+llp/@11.123714,76.0428327,13z/data=!4m11!1m3!2m2!1sbakery+manjeri!6e5!3m6!1s0x3ba637a25d388d6d:0xe4a6192275d66ef7!8m2!3d11.1369732!4d76.1118791!15sCg5iYWtlcnkgbWFuamVyaVoQIg5iYWtlcnkgbWFuamVyaZIBBmJha2VyeaoBQxABKgoiBmJha2VyeSgAMh8QASIbmo7a4Hvb5wMSzt2YFJb0yBXRlnx6q_jWKkmFMhIQAiIOYmFrZXJ5IG1hbmplcmngAQA!16s%2Fg%2F11s_yyq6lk?entry=ttu&g_ep=EgoyMDI1MDgwNi4wIKXMDSoASAFQAw%3D%3D",bakery+manjeri,"11.123714, 76.0428327",,Bakery and Cake Shop,Food_Businesses,3.6,,₹₹,Open 24 hours,Open 24 hours,No,No,Yes,No,No,No,Unknown,Unknown,"·

Delivery
",delivery,,,Not Available,,,bakery manjeri,2025-08-09 20:44:01
40cold boost,"4499+QVR, Karuvambram, Manjeri, Kerala 676121",,"https://www.google.com/maps/place/40cold+boost/@11.123714,76.0428327,13z/data=!4m11!1m3!2m2!1sbakery+manjeri!6e5!3m6!1s0x3ba6372c0828b403:0x14fd9afc63ffd2c3!8m2!3d11.1193092!4d76.1196408!15sCg5iYWtlcnkgbWFuamVyaVoQIg5iYWtlcnkgbWFuamVyaZIBCnJlc3RhdXJhbnSqAUMQASoKIgZiYWtlcnkoADIfEAEiG5qO2uB72-cDEs7dmBSW9MgV0ZZ8eqv41ipJhTISEAIiDmJha2VyeSBtYW5qZXJp4AEA!16s%2Fg%2F11lcb7p0f7?entry=ttu&g_ep=EgoyMDI1MDgwNi4wIKXMDSoASAFQAw%3D%3D",bakery+manjeri,"11.123714, 76.0428327",Claim this business,Restaurant,Food_Businesses,4.2,24.0,₹₹,Open 24 hours,Open 24 hours,No,No,Yes,Yes,No,No,Unknown,Unknown,"·

Dine-in
·

Drive-through
·

No-contact delivery
",drive-through; no-contact delivery; dine-in,,40.0,Not Available,,,bakery manjeri,2025-08-09 20:44:06
Beyond Bakes by Chef Remy,"Panayi, Anakkayam, Kerala 676509",099618 86895,"https://www.google.com/maps/place/Beyond+Bakes+by+Chef+Remy/@11.123714,76.0428327,13z/data=!4m11!1m3!2m2!1sbakery+manjeri!6e5!3m6!1s0x3ba6355b2b1fe561:0x7129c1a737403b29!8m2!3d11.0920241!4d76.1054183!15sCg5iYWtlcnkgbWFuamVyaVoQIg5iYWtlcnkgbWFuamVyaZIBCWNha2Vfc2hvcKoBQxABKgoiBmJha2VyeSgAMh8QASIbmo7a4Hvb5wMSzt2YFJb0yBXRlnx6q_jWKkmFMhIQAiIOYmFrZXJ5IG1hbmplcmngAQA!16s%2Fg%2F11dxqd_r2p?entry=ttu&g_ep=EgoyMDI1MDgwNi4wIKXMDSoASAFQAw%3D%3D",bakery+manjeri,"11.123714, 76.0428327",beyondbakes.com,Cake shop,Food_Businesses,4.9,17.0,₹₹,Opens 9am Mon,⋅ Opens 9am Mon,No,Yes,Yes,No,Yes,No,Unknown,Unknown,"·

Takeaway
·

No-contact delivery
",takeaway; no-contact delivery,,1.0,Not Available,,,bakery manjeri,2025-08-09 20:44:11
Olene Canto Bakes & Restaurant (Pandikkad Road - Manjeri),"44CF+326, Pandikkad Road, opp. New Bus Stand, Kuthukal, Manjeri, Kerala 676123",097451 44429,"https://www.google.com/maps/place/Olene+Canto+Bakes+%26+Restaurant+(Pandikkad+Road+-+Manjeri)/@11.123714,76.0428327,13z/data=!4m11!1m3!2m2!1sbakery+manjeri!6e5!3m6!1s0x3ba636652fbd1b35:0xe121da2d1ecb7d6f!8m2!3d11.1201655!4d76.1225205!15sCg5iYWtlcnkgbWFuamVyaVoQIg5iYWtlcnkgbWFuamVyaZIBCnJlc3RhdXJhbnSaASRDaGREU1VoTk1HOW5TMFZKUTBGblNVTkxhRjh6ZEhoQlJSQUKqAUMQASoKIgZiYWtlcnkoADIfEAEiG5qO2uB72-cDEs7dmBSW9MgV0ZZ8eqv41ipJhTISEAIiDmJha2VyeSBtYW5qZXJp4AEA-gEFCP0DECw!16s%2Fg%2F1tfblr6x?entry=ttu&g_ep=EgoyMDI1MDgwNi4wIKXMDSoASAFQAw%3D%3D",bakery+manjeri,"11.123714, 76.0428327",olenecanto.com,Restaurant,Food_Businesses,4.4,1468.0,₹₹,Temporarily closed,Temporarily closed,No,No,No,No,No,No,Unknown,Unknown,None Found,,,1.0,Not Available,,,bakery manjeri,2025-08-09 20:44:16
At Now Hypermart Manjeri,"Sha Mall Pandikkad Road, Dt, opp. New Bust Stand, Malappuram, Manjeri, Kerala 676122",,"https://www.google.com/maps/place/At+Now+Hypermart+Manjeri/@11.123714,76.0428327,13z/data=!4m11!1m3!2m2!1sbakery+manjeri!6e5!3m6!1s0x3ba63664df445623:0xa8dc90b764779426!8m2!3d11.1208389!4d76.1233365!15sCg5iYWtlcnkgbWFuamVyaVoQIg5iYWtlcnkgbWFuamVyaZIBC2h5cGVybWFya2V0qgFDEAEqCiIGYmFrZXJ5KAAyHxABIhuajtrge9vnAxLO3ZgUlvTIFdGWfHqr-NYqSYUyEhACIg5iYWtlcnkgbWFuamVyaeABAA!16s%2Fg%2F11f4qpcmvm?entry=ttu&g_ep=EgoyMDI1MDgwNi4wIKXMDSoASAFQAw%3D%3D",bakery+manjeri,"11.123714, 76.0428327",instagram.com,Hypermarket,Food_Businesses,3.9,1350.0,₹₹,Closes 11:30pm,⋅ Closes 11:30pm,Yes,Yes,Yes,No,Yes,No,Unknown,Unknown,"·

In-store pick-up
·

Delivery
",delivery; in-store pick-up,,1.0,Not Available,,,bakery manjeri,2025-08-09 20:44:21
Laica Bakes and Restaurant,"34RC+287, Anakkayam, Kerala 676509",,"https://www.google.com/maps/place/Laica+Bakes+and+Restaurant/@11.123714,76.0428327,13z/data=!4m11!1m3!2m2!1sbakery+manjeri!6e5!3m6!1s0x3ba6359ecfc3ea43:0x8bffe707750e937b!8m2!3d11.0900337!4d76.1207922!15sCg5iYWtlcnkgbWFuamVyaVoQIg5iYWtlcnkgbWFuamVyaZIBBmJha2VyeaoBQxABKgoiBmJha2VyeSgAMh8QASIbmo7a4Hvb5wMSzt2YFJb0yBXRlnx6q_jWKkmFMhIQAiIOYmFrZXJ5IG1hbmplcmngAQA!16s%2Fg%2F11hf26sv46?entry=ttu&g_ep=EgoyMDI1MDgwNi4wIKXMDSoASAFQAw%3D%3D",bakery+manjeri,"11.123714, 76.0428327",Claim this business,Bakery and Cake Shop,Food_Businesses,3.7,231.0,₹₹,Closes 11pm,⋅ Closes 11pm,No,Yes,Yes,Yes,Yes,No,Unknown,Unknown,"·

Dine-in
·

Takeaway
·

No-contact delivery
",takeaway; no-contact delivery; dine-in,,1.0,Not Available,,,bakery manjeri,2025-08-09 20:44:26
Chittathupara,"34M7+FFH, Manjeri - Perinthalmanna Rd, Anakkayam, Kerala 676509",,"https://www.google.com/maps/place/Chittathupara/@11.123714,76.0428327,13z/data=!4m11!1m3!2m2!1sbakery+manjeri!6e5!3m6!1s0x3ba635004a830823:0x4422f3d245d3e46e!8m2!3d11.083699!4d76.1137372!15sCg5iYWtlcnkgbWFuamVyaVoQIg5iYWtlcnkgbWFuamVyaZIBBmJha2VyeaoBQxABKgoiBmJha2VyeSgAMh8QASIbmo7a4Hvb5wMSzt2YFJb0yBXRlnx6q_jWKkmFMhIQAiIOYmFrZXJ5IG1hbmplcmngAQA!16s%2Fg%2F11vxz78kx4?entry=ttu&g_ep=EgoyMDI1MDgwNi4wIKXMDSoASAFQAw%3D%3D",bakery+manjeri,"11.123714, 76.0428327",Claim this business,Bakery and Cake Shop,Food_Businesses,4.7,3.0,₹₹,,,No,Yes,No,No,Yes,No,Unknown,Unknown,"·

Takeaway
",takeaway,,,Not Available,,,bakery manjeri,2025-08-09 20:44:31
Apple store Manjeri,"Pandikkad Road, opposite KR bakery, Vellarangal, Manjeri, Kerala 676123",095398 04090,"https://www.google.com/maps/place/Apple+store+Manjeri/@11.123714,76.0428327,13z/data=!4m11!1m3!2m2!1sbakery+manjeri!6e5!3m6!1s0x3ba63665290676a9:0x8a27d084f2535578!8m2!3d11.120124!4d76.1230414!15sCg5iYWtlcnkgbWFuamVyaVoQIg5iYWtlcnkgbWFuamVyaZIBEGNlbGxfcGhvbmVfc3RvcmWqAUMQASoKIgZiYWtlcnkoADIfEAEiG5qO2uB72-cDEs7dmBSW9MgV0ZZ8eqv41ipJhTISEAIiDmJha2VyeSBtYW5qZXJp4AEA!16s%2Fg%2F11lcxtp901?entry=ttu&g_ep=EgoyMDI1MDgwNi4wIKXMDSoASAFQAw%3D%3D",bakery+manjeri,"11.123714, 76.0428327",instagram.com,Cell phone store,Food_Businesses,5.0,3.0,₹₹,Closes 10pm,Open ⋅ Closes 10pm,No,No,Yes,No,No,No,Unknown,Unknown,"·

Delivery
",delivery,,,Not Available,,,bakery manjeri,2025-08-09 20:44:36
SULTHAN MAJLIS,"446C+622, Kacherippadi, Manjeri, Kerala 676121",,"https://www.google.com/maps/place/SULTHAN+MAJLIS/@11.123714,76.0428327,13z/data=!4m11!1m3!2m2!1sbakery+manjeri!6e5!3m6!1s0x3ba63700610f2db5:0x4f50947cfc6af295!8m2!3d11.110214!4d76.120435!15sCg5iYWtlcnkgbWFuamVyaVoQIg5iYWtlcnkgbWFuamVyaZIBEWZhbWlseV9yZXN0YXVyYW50qgFDEAEqCiIGYmFrZXJ5KAAyHxABIhuajtrge9vnAxLO3ZgUlvTIFdGWfHqr-NYqSYUyEhACIg5iYWtlcnkgbWFuamVyaeABAA!16s%2Fg%2F11ldrr3x4b?entry=ttu&g_ep=EgoyMDI1MDgwNi4wIKXMDSoASAFQAw%3D%3D",bakery+manjeri,"11.123714, 76.0428327",instagram.com,Family restaurant,Food_Businesses,3.5,226.0,₹₹,Closes 12am,⋅ Closes 12am,No,Yes,Yes,Yes,Yes,No,Unknown,Unknown,"·

Dine-in
·

Kerbside pickup
·

No-contact delivery
",kerbside pickup; no-contact delivery; dine-in,,1.0,Not Available,,,bakery manjeri,2025-08-09 20:44:41
Kareparamb,"45CG+WCQ, Manjeri-Kuttippara – Cherukode-Wandoor Road, Vettikkattiri, Kerala 676122",,"https://www.google.com/maps/place/Kareparamb/@11.1223353,76.1040194,13z/data=!4m11!1m3!2m2!1sbakery+manjeri!6e5!3m6!1s0x3ba6378002ef3371:0x5bf9c9acad22520e!8m2!3d11.1223353!4d76.1761172!15sCg5iYWtlcnkgbWFuamVyaVoQIg5iYWtlcnkgbWFuamVyaZIBBmJha2VyeaoBQxABKgoiBmJha2VyeSgAMh8QASIbmo7a4Hvb5wMSzt2YFJb0yBXRlnx6q_jWKkmFMhIQAiIOYmFrZXJ5IG1hbmplcmngAQA!16s%2Fg%2F11l28hvdng?entry=ttu&g_ep=EgoyMDI1MDgwNi4wIKXMDSoASAFQAw%3D%3D",bakery+manjeri,"11.1223353, 76.1040194",Claim this business,Bakery and Cake Shop,Food_Businesses,3.8,4.0,₹₹,,,No,Yes,No,No,Yes,No,Unknown,Unknown,"·

Takeaway
",takeaway,,,Not Available,,,bakery manjeri,2025-08-09 20:44:46
K.R Bakery,"P.M Arcade 356/4, Palakkad - Kozhikode Hwy, Melmuri, Malappuram, Kerala 676505",098952 78209,"https://www.google.com/maps/place/K.R+Bakery/@11.0712773,76.0028911,13z/data=!4m11!1m3!2m2!1sbakery+manjeri!6e5!3m6!1s0x3ba64a7ac4d8b733:0x7ccf569ca1e8a300!8m2!3d11.0712773!4d76.0749889!15sCg5iYWtlcnkgbWFuamVyaVoQIg5iYWtlcnkgbWFuamVyaZIBBmJha2VyeaoBQxABKgoiBmJha2VyeSgAMh8QASIbmo7a4Hvb5wMSzt2YFJb0yBXRlnx6q_jWKkmFMhIQAiIOYmFrZXJ5IG1hbmplcmngAQA!16s%2Fg%2F11cnmx_rzc?entry=ttu&g_ep=EgoyMDI1MDgwNi4wIKXMDSoASAFQAw%3D%3D",bakery+manjeri,"11.0712773, 76.0028911",Claim this business,Bakery and Cake Shop,Food_Businesses,3.8,19.0,₹₹,Closes 10pm,⋅ Closes 10pm,No,Yes,No,No,Yes,No,Unknown,Unknown,"·

Takeaway
",takeaway,,,Not Available,,,bakery manjeri,2025-08-09 20:44:51
KK BAKERY,"Kozhikode - Malappuram - Palakkad Hwy, Pookkottur, Kerala 676517",,"https://www.google.com/maps/place/KK+BAKERY/@11.0712773,76.0028911,13z/data=!4m11!1m3!2m2!1sbakery+manjeri!6e5!3m6!1s0x3ba64befeeba419b:0xf917a0e7bf49c19a!8m2!3d11.0994061!4d76.0635601!15sCg5iYWtlcnkgbWFuamVyaVoQIg5iYWtlcnkgbWFuamVyaZIBBmJha2VyeaoBQxABKgoiBmJha2VyeSgAMh8QASIbmo7a4Hvb5wMSzt2YFJb0yBXRlnx6q_jWKkmFMhIQAiIOYmFrZXJ5IG1hbmplcmngAQA!16s%2Fg%2F11p5l41h25?entry=ttu&g_ep=EgoyMDI1MDgwNi4wIKXMDSoASAFQAw%3D%3D",bakery+manjeri,"11.0712773, 76.0028911",,Bakery and Cake Shop,Food_Businesses,4.0,1.0,₹₹,Closes 10pm,⋅ Closes 10pm,No,Yes,No,No,Yes,No,Unknown,Unknown,"·

Takeaway
",takeaway,,1.0,Not Available,,,bakery manjeri,2025-08-09 20:44:56
Cool Palace,"Bus Stop, Manjeri - Kizhisseri Rd, Pookolathur, Pulpatta, Kerala 676123",094479 43070,"https://www.google.com/maps/place/Cool+Palace/@11.1587107,75.9863963,13z/data=!4m11!1m3!2m2!1sbakery+manjeri!6e5!3m6!1s0x3ba649bbcba32109:0x5923a911d6e64eef!8m2!3d11.1587107!4d76.0584941!15sCg5iYWtlcnkgbWFuamVyaVoQIg5iYWtlcnkgbWFuamVyaZIBBmJha2VyeZoBI0NoWkRTVWhOTUc5blMwVlBSSFpwWWtSME5FMUlVMkpCRUFFqgFDEAEqCiIGYmFrZXJ5KAAyHxABIhuajtrge9vnAxLO3ZgUlvTIFdGWfHqr-NYqSYUyEhACIg5iYWtlcnkgbWFuamVyaeABAPoBBQjOAhBH!16s%2Fg%2F11s8hqbdvp?entry=ttu&g_ep=EgoyMDI1MDgwNi4wIKXMDSoASAFQAw%3D%3D",bakery+manjeri,"11.1587107, 75.9863963",Claim this business,Bakery and Cake Shop,Food_Businesses,5.0,1.0,₹₹,,,No,No,No,No,No,No,Unknown,Unknown,None Found,,,,Not Available,,,bakery manjeri,2025-08-09 20:45:01
Kozhikkoden Haluwa Stall & Bakery,"Irumbuzhi, Anakkayam, Kozhikode, Kerala 673633",075598 50860,"https://www.google.com/maps/place/Kozhikkoden+Haluwa+Stall+%26+Bakery/@11.0770688,76.0309438,13z/data=!4m11!1m3!2m2!1sbakery+manjeri!6e5!3m6!1s0x3ba635097eed2681:0xaf5781a357261b0c!8m2!3d11.0770688!4d76.1030416!15sCg5iYWtlcnkgbWFuamVyaVoQIg5iYWtlcnkgbWFuamVyaZIBBmJha2VyeaoBQxABKgoiBmJha2VyeSgAMh8QASIbmo7a4Hvb5wMSzt2YFJb0yBXRlnx6q_jWKkmFMhIQAiIOYmFrZXJ5IG1hbmplcmngAQA!16s%2Fg%2F11s1rl355j?entry=ttu&g_ep=EgoyMDI1MDgwNi4wIKXMDSoASAFQAw%3D%3D",bakery+manjeri,"11.0770688, 76.0309438",Claim this business,Bakery and Cake Shop,Food_Businesses,4.4,12.0,₹₹,,,No,Yes,No,No,Yes,No,Unknown,Unknown,"·

Takeaway
",takeaway,,,Not Available,,,bakery manjeri,2025-08-09 20:45:06
NEW PMK,"123,AAAAAAA, Nilambur - Malappuram Rd, Vellarangal, Manjeri, Kerala 676121",090487 17278,"https://www.google.com/maps/place/NEW+PMK/@11.0770688,76.0309438,13z/data=!4m11!1m3!2m2!1sbakery+manjeri!6e5!3m6!1s0x3ba637e229ba6479:0x602b0c68ba3203da!8m2!3d11.1194822!4d76.1226385!15sCg5iYWtlcnkgbWFuamVyaZIBBmJha2VyeaoBQxABKgoiBmJha2VyeSgAMh8QASIbmo7a4Hvb5wMSzt2YFJb0yBXRlnx6q_jWKkmFMhIQAiIOYmFrZXJ5IG1hbmplcmngAQA!16s%2Fg%2F11lmng3fmr?entry=ttu&g_ep=EgoyMDI1MDgwNi4wIKXMDSoASAFQAw%3D%3D",bakery+manjeri,"11.0770688, 76.0309438",,Bakery and Cake Shop,Food_Businesses,5.0,1.0,₹₹,Temporarily closed,Temporarily closed,No,No,No,No,No,No,Unknown,Unknown,None Found,,,,Not Available,,,bakery manjeri,2025-08-09 20:45:11
MK Coolbar,"004,City Gate Manjeri Perinthalmanna, Anakkayam Road, Kacherippadi, Malappuram, Kerala 676121",097472 50926,"https://www.google.com/maps/place/MK+Coolbar/@11.0770688,76.0309438,13z/data=!4m11!1m3!2m2!1sbakery+manjeri!6e5!3m6!1s0x3ba6373297861d01:0x5d93720a5d1f65fd!8m2!3d11.110874!4d76.1201232!15sCg5iYWtlcnkgbWFuamVyaZIBBmJha2VyeaoBQxABKgoiBmJha2VyeSgAMh8QASIbmo7a4Hvb5wMSzt2YFJb0yBXRlnx6q_jWKkmFMhIQAiIOYmFrZXJ5IG1hbmplcmngAQA!16s%2Fg%2F11tt45slb2?entry=ttu&g_ep=EgoyMDI1MDgwNi4wIKXMDSoASAFQAw%3D%3D",bakery+manjeri,"11.0770688, 76.0309438",,Bakery and Cake Shop,Food_Businesses,3.6,5.0,₹₹,Temporarily closed,Temporarily closed,No,No,No,No,No,No,Unknown,Unknown,None Found,,,1.0,Not Available,,,bakery manjeri,2025-08-09 20:45:16
Cafe_cakezone,"446C+932, Kacherippadi, Manjeri, Kerala 676121",,"https://www.google.com/maps/place/Cafe_cakezone/@11.0770688,76.0309438,13z/data=!4m11!1m3!2m2!1sbakery+manjeri!6e5!3m6!1s0x3ba6378bdf996ca5:0x331d0d4444692eb6!8m2!3d11.1108751!4d76.1201403!15sCg5iYWtlcnkgbWFuamVyaZIBBmJha2VyeaoBQxABKgoiBmJha2VyeSgAMh8QASIbmo7a4Hvb5wMSzt2YFJb0yBXRlnx6q_jWKkmFMhIQAiIOYmFrZXJ5IG1hbmplcmngAQA!16s%2Fg%2F11s9_3y_s3?entry=ttu&g_ep=EgoyMDI1MDgwNi4wIKXMDSoASAFQAw%3D%3D",bakery+manjeri,"11.0770688, 76.0309438",Claim this business,Bakery and Cake Shop,Food_Businesses,1.0,1.0,₹₹,Temporarily closed,Temporarily closed,No,No,No,No,No,No,Unknown,Unknown,None Found,,,,Not Available,,,bakery manjeri,2025-08-09 20:45:21
Daily chips,"2nd Floor, Makkah Tower, Near, Old Bus Stand Road, Court Rd, Karuvambram, Manjeri, Kerala 676121",,"https://www.google.com/maps/place/Daily+chips/@11.0770688,76.0309438,13z/data=!4m11!1m3!2m2!1sbakery+manjeri!6e5!3m6!1s0x3ba6372ffb348309:0x990459c7f1e40dbb!8m2!3d11.1152329!4d76.1195389!15sCg5iYWtlcnkgbWFuamVyaZIBBmJha2VyeaoBQxABKgoiBmJha2VyeSgAMh8QASIbmo7a4Hvb5wMSzt2YFJb0yBXRlnx6q_jWKkmFMhIQAiIOYmFrZXJ5IG1hbmplcmngAQA!16s%2Fg%2F11s_tzc3pl?entry=ttu&g_ep=EgoyMDI1MDgwNi4wIKXMDSoASAFQAw%3D%3D",bakery+manjeri,"11.0770688, 76.0309438",Claim this business,Bakery and Cake Shop,Food_Businesses,3.6,,₹₹,Temporarily closed,Temporarily closed,No,No,No,No,No,No,Unknown,Unknown,None Found,,,,Not Available,,,bakery manjeri,2025-08-09 20:45:27
ABDUL MAJEED KALATHINGAL,"123, Cherani Road Cherani Road, Vellarangal, Manjeri, Kerala 676121",073062 99688,"https://www.google.com/maps/place/ABDUL+MAJEED+KALATHINGAL/@11.0770688,76.0309438,13z/data=!4m11!1m3!2m2!1sbakery+manjeri!6e5!3m6!1s0x3ba637f407431c53:0xcfd850cc80aa4ed9!8m2!3d11.1200068!4d76.1199654!15sCg5iYWtlcnkgbWFuamVyaZIBBmJha2VyeaoBQxABKgoiBmJha2VyeSgAMh8QASIbmo7a4Hvb5wMSzt2YFJb0yBXRlnx6q_jWKkmFMhIQAiIOYmFrZXJ5IG1hbmplcmngAQA!16s%2Fg%2F11wbpy6dbp?entry=ttu&g_ep=EgoyMDI1MDgwNi4wIKXMDSoASAFQAw%3D%3D",bakery+manjeri,"11.0770688, 76.0309438",,Bakery and Cake Shop,Food_Businesses,3.0,1.0,₹₹,Temporarily closed,Temporarily closed,No,No,No,No,No,No,Unknown,Unknown,None Found,,,,Not Available,,,bakery manjeri,2025-08-09 20:45:31
P'S BAKERY & COOLBAR,"4468+65C, Mullampara Rd, Kacherippadi, Manjeri, Kerala 676121",095622 42988,"https://www.google.com/maps/place/P'S+BAKERY+%26+COOLBAR/@11.0770688,76.0309438,13z/data=!4m11!1m3!2m2!1sbakery+manjeri!6e5!3m6!1s0x3ba6367664c5ccbf:0xb4985806a81e1538!8m2!3d11.110561!4d76.1153805!15sCg5iYWtlcnkgbWFuamVyaZIBBmJha2VyeaoBQxABKgoiBmJha2VyeSgAMh8QASIbmo7a4Hvb5wMSzt2YFJb0yBXRlnx6q_jWKkmFMhIQAiIOYmFrZXJ5IG1hbmplcmngAQA!16s%2Fg%2F11l6tmf9hm?entry=ttu&g_ep=EgoyMDI1MDgwNi4wIKXMDSoASAFQAw%3D%3D",bakery+manjeri,"11.0770688, 76.0309438",Claim this business,Bakery and Cake Shop,Food_Businesses,3.6,,₹₹,Temporarily closed,Temporarily closed,No,No,No,No,No,No,Unknown,Unknown,None Found,,,,Not Available,,,bakery manjeri,2025-08-09 20:45:36
Bakeypie,"tharikulam road,mannurkkara,pathiriyal, thiruvali, Manjeri, Kerala 676123",,"https://www.google.com/maps/place/Bakeypie/@11.1811933,76.0909834,13z/data=!4m11!1m3!2m2!1sbakery+manjeri!6e5!3m6!1s0x3ba637efc78f4ea1:0xe72e2d7f89c39ded!8m2!3d11.1811933!4d76.1630812!15sCg5iYWtlcnkgbWFuamVyaVoQIg5iYWtlcnkgbWFuamVyaZIBBmJha2VyeZoBI0NoWkRTVWhOTUc5blMwVkpRMEZuU1VOb1gySkhPVnBuRUFFqgFDEAEqCiIGYmFrZXJ5KAAyHxABIhuajtrge9vnAxLO3ZgUlvTIFdGWfHqr-NYqSYUyEhACIg5iYWtlcnkgbWFuamVyaeABAPoBBAgAECQ!16s%2Fg%2F11k56l02lc?entry=ttu&g_ep=EgoyMDI1MDgwNi4wIKXMDSoASAFQAw%3D%3D",bakery+manjeri,"11.1811933, 76.0909834",,Bakery and Cake Shop,Food_Businesses,4.8,32.0,₹₹,Temporarily closed,Temporarily closed,No,No,No,No,No,No,Unknown,Unknown,None Found,,,,Not Available,,,bakery manjeri,2025-08-09 20:45:42
RAYA BAKERY,"4446+4Q2, Mullampara Town, Manjeri, Kerala 676121",090742 37966,"https://www.google.com/maps/place/RAYA+BAKERY/@11.1052529,76.0397816,13z/data=!4m11!1m3!2m2!1sbakery+manjeri!6e5!3m6!1s0x3ba635defe33e8ff:0x5cf2d928f0b7b033!8m2!3d11.1052529!4d76.1118794!15sCg5iYWtlcnkgbWFuamVyaZIBBmJha2VyeaoBQxABKgoiBmJha2VyeSgAMh8QASIbmo7a4Hvb5wMSzt2YFJb0yBXRlnx6q_jWKkmFMhIQAiIOYmFrZXJ5IG1hbmplcmngAQA!16s%2Fg%2F11l6tml3m_?entry=ttu&g_ep=EgoyMDI1MDgwNi4wIKXMDSoASAFQAw%3D%3D",bakery+manjeri,"11.1052529, 76.0397816",Claim this business,Bakery and Cake Shop,Food_Businesses,3.6,,₹₹,Temporarily closed,Temporarily closed,No,No,No,No,No,No,Unknown,Unknown,None Found,,,,Not Available,,,bakery manjeri,2025-08-09 20:45:46
Sithus cakery,"Melakkam, Manjeri, Kerala 676123",085928 19080,"https://www.google.com/maps/place/Sithus+cakery/@11.1052529,76.0397816,13z/data=!4m11!1m3!2m2!1sbakery+manjeri!6e5!3m6!1s0x3ba637c731765f0b:0x40ec2f7b9ede27b2!8m2!3d11.1315389!4d76.1187067!15sCg5iYWtlcnkgbWFuamVyaZIBCWNha2Vfc2hvcKoBQxABKgoiBmJha2VyeSgAMh8QASIbmo7a4Hvb5wMSzt2YFJb0yBXRlnx6q_jWKkmFMhIQAiIOYmFrZXJ5IG1hbmplcmngAQA!16s%2Fg%2F11ltpybq8m?entry=ttu&g_ep=EgoyMDI1MDgwNi4wIKXMDSoASAFQAw%3D%3D",bakery+manjeri,"11.1052529, 76.0397816",,Cake shop,Food_Businesses,3.6,,₹₹,Temporarily closed,Temporarily closed,No,No,No,No,No,No,Unknown,Unknown,None Found,,,,Not Available,,,bakery manjeri,2025-08-09 20:45:51
Zain Bakery & Coolbar,"Anakkayam, Manjeri, Kerala 673001",081298 51908,"https://www.google.com/maps/place/Zain+Bakery+%26+Coolbar/@11.1052529,76.0397816,13z/data=!4m11!1m3!2m2!1sbakery+manjeri!6e5!3m6!1s0x3ba6351cdb0088a9:0xddd3c59251f52d20!8m2!3d11.0863305!4d76.1227538!15sCg5iYWtlcnkgbWFuamVyaZIBBmJha2VyeaoBQxABKgoiBmJha2VyeSgAMh8QASIbmo7a4Hvb5wMSzt2YFJb0yBXRlnx6q_jWKkmFMhIQAiIOYmFrZXJ5IG1hbmplcmngAQA!16s%2Fg%2F11tjhc_pn4?entry=ttu&g_ep=EgoyMDI1MDgwNi4wIKXMDSoASAFQAw%3D%3D",bakery+manjeri,"11.1052529, 76.0397816",,Bakery and Cake Shop,Food_Businesses,3.6,,₹₹,Temporarily closed,Temporarily closed,No,No,No,No,No,No,Unknown,Unknown,None Found,,,,Not Available,,,bakery manjeri,2025-08-09 20:45:56
Manjari old bus stand near Ojas Bakery,"4499+QVR, Karuvambram, Manjeri, Kerala 676121",,"https://www.google.com/maps/place/Manjari+old+bus+stand+near+Ojas+Bakery/@11.1052529,76.0397816,13z/data=!4m11!1m3!2m2!1sbakery+manjeri!6e5!3m6!1s0x3ba637004e9d8c2b:0xfabd5c2569081d50!8m2!3d11.119518!4d76.1196721!15sCg5iYWtlcnkgbWFuamVyaZIBEGNlbGxfcGhvbmVfc3RvcmWqAUMQASoKIgZiYWtlcnkoADIfEAEiG5qO2uB72-cDEs7dmBSW9MgV0ZZ8eqv41ipJhTISEAIiDmJha2VyeSBtYW5qZXJp4AEA!16s%2Fg%2F11ly_7w5vg?entry=ttu&g_ep=EgoyMDI1MDgwNi4wIKXMDSoASAFQAw%3D%3D",bakery+manjeri,"11.1052529, 76.0397816",Claim this business,Cell phone store,Food_Businesses,3.6,,₹₹,Temporarily closed,Temporarily closed,No,No,No,No,No,No,Unknown,Unknown,None Found,,,,Not Available,,,bakery manjeri,2025-08-09 20:46:01
Afnan,"444F+884 Cool Bargdh, Vayapparapadi, Manjeri, Kerala 676121",,"https://www.google.com/maps/place/Afnan/@11.1052529,76.0397816,13z/data=!4m11!1m3!2m2!1sbakery+manjeri!6e5!3m6!1s0x3ba63540424ae5ed:0x3966afba3241a18a!8m2!3d11.1057742!4d76.1233432!15sCg5iYWtlcnkgbWFuamVyaZIBCWNha2Vfc2hvcKoBQxABKgoiBmJha2VyeSgAMh8QASIbmo7a4Hvb5wMSzt2YFJb0yBXRlnx6q_jWKkmFMhIQAiIOYmFrZXJ5IG1hbmplcmngAQA!16s%2Fg%2F11wq6hh1ss?entry=ttu&g_ep=EgoyMDI1MDgwNi4wIKXMDSoASAFQAw%3D%3D",bakery+manjeri,"11.1052529, 76.0397816",Claim this business,Cake shop,Food_Businesses,3.6,,₹₹,Temporarily closed,Temporarily closed,No,No,No,No,No,No,Unknown,Unknown,None Found,,,,Not Available,,,bakery manjeri,2025-08-09 20:46:07
Grama Bakes & Sweets,"43XJ+25X, Manjeri - Kizhisseri Rd, Pulpatta, Kerala 676123",,"https://www.google.com/maps/place/Grama+Bakes+%26+Sweets/@11.1052529,76.0397816,13z/data=!4m11!1m3!2m2!1sbakery+manjeri!6e5!3m6!1s0x3ba649d47b3bd4cd:0x23aa7ae49c347dd9!8m2!3d11.1476065!4d76.0804689!15sCg5iYWtlcnkgbWFuamVyaZIBBmJha2VyeaoBQxABKgoiBmJha2VyeSgAMh8QASIbmo7a4Hvb5wMSzt2YFJb0yBXRlnx6q_jWKkmFMhIQAiIOYmFrZXJ5IG1hbmplcmngAQA!16s%2Fg%2F11l6tmbxs5?entry=ttu&g_ep=EgoyMDI1MDgwNi4wIKXMDSoASAFQAw%3D%3D",bakery+manjeri,"11.1052529, 76.0397816",Claim this business,Bakery and Cake Shop,Food_Businesses,3.6,,₹₹,Temporarily closed,Temporarily closed,No,No,No,No,No,No,Unknown,Unknown,None Found,,,,Not Available,,,bakery manjeri,2025-08-09 20:46:12
Shahanas P,"Fresh N Fresh Bakery, Manjeri - Pandikkad Rd, Payyanad, Malappuram, Kerala 676122",,"https://www.google.com/maps/place/Shahanas+P/@11.1199485,76.083621,13z/data=!4m11!1m3!2m2!1sbakery+manjeri!6e5!3m6!1s0x3ba637a80f04b5b3:0xcb34c4e36c9e9713!8m2!3d11.1199485!4d76.1557188!15sCg5iYWtlcnkgbWFuamVyaZIBBmJha2VyeaoBQxABKgoiBmJha2VyeSgAMh8QASIbmo7a4Hvb5wMSzt2YFJb0yBXRlnx6q_jWKkmFMhIQAiIOYmFrZXJ5IG1hbmplcmngAQA!16s%2Fg%2F11y9rlnj6c?entry=ttu&g_ep=EgoyMDI1MDgwNi4wIKXMDSoASAFQAw%3D%3D",bakery+manjeri,"11.1199485, 76.083621",,Bakery and Cake Shop,Food_Businesses,3.0,1.0,₹₹,Temporarily closed,Temporarily closed,No,No,No,No,No,No,Unknown,Unknown,None Found,,,,Not Available,,,bakery manjeri,2025-08-09 20:46:17
Auto,"Anwar, Manjeri, Kerala 676122",,"https://www.google.com/maps/place/Auto/@11.1199485,76.083621,13z/data=!4m11!1m3!2m2!1sbakery+manjeri!6e5!3m6!1s0x3ba635a81e878769:0x6a2609ec7d7201ed!8m2!3d11.1045678!4d76.1582056!15sCg5iYWtlcnkgbWFuamVyaZIBBmJha2VyeaoBQxABKgoiBmJha2VyeSgAMh8QASIbmo7a4Hvb5wMSzt2YFJb0yBXRlnx6q_jWKkmFMhIQAiIOYmFrZXJ5IG1hbmplcmngAQA!16s%2Fg%2F11wwnprhlf?entry=ttu&g_ep=EgoyMDI1MDgwNi4wIKXMDSoASAFQAw%3D%3D",bakery+manjeri,"11.1199485, 76.083621",,Bakery and Cake Shop,Food_Businesses,3.6,,₹₹,Temporarily closed,Temporarily closed,No,No,No,No,No,No,Unknown,Unknown,None Found,,,,Not Available,,,bakery manjeri,2025-08-09 20:46:22
